Subject,Left Comparison Type,Right Comparison Type,Correct Side,Chosen Side
1,16,68,0.0,0.0
1,0,2,0.0,0.0
1,many,0,1.0,1.0
1,2,16,0.0,0.0
1,many,68,1.0,1.0
1,4,0,1.0,1.0
1,4,many,0.0,0.0
1,2,many,0.0,0.0
1,16,0,1.0,1.0
1,many,16,1.0,1.0
1,4,2,1.0,0.0
1,68,0,1.0,1.0
1,16,4,1.0,1.0
1,68,4,1.0,1.0
1,2,68,0.0,0.0
1,2,16,0.0,0.0
1,4,68,0.0,0.0
1,16,0,1.0,1.0
1,0,68,0.0,0.0
1,68,2,1.0,1.0
1,2,4,0.0,0.0
1,68,many,0.0,0.0
1,2,0,1.0,1.0
1,16,many,0.0,0.0
1,0,4,0.0,0.0
1,2,many,0.0,0.0
1,0,many,0.0,0.0
1,many,4,1.0,1.0
1,68,16,1.0,1.0
1,16,4,1.0,1.0
1,2,0,1.0,1.0
1,2,4,0.0,0.0
1,68,2,1.0,0.0
1,68,16,1.0,1.0
1,0,many,0.0,0.0
1,16,4,1.0,1.0
1,0,16,0.0,0.0
1,many,2,1.0,1.0
1,4,0,1.0,1.0
1,4,68,0.0,0.0
1,68,many,0.0,1.0
1,0,68,0.0,0.0
1,16,many,0.0,0.0
1,2,16,0.0,1.0
1,4,many,0.0,0.0
1,4,0,1.0,1.0
1,68,0,1.0,1.0
1,68,2,1.0,1.0
1,0,2,0.0,0.0
1,0,many,0.0,0.0
1,many,68,1.0,0.0
1,68,4,1.0,1.0
1,2,many,0.0,0.0
1,2,16,0.0,0.0
1,16,0,1.0,1.0
1,2,4,0.0,0.0
1,many,16,1.0,0.0
1,4,many,0.0,0.0
1,16,4,1.0,1.0
1,68,16,1.0,0.0
1,0,4,0.0,0.0
1,16,4,1.0,0.0
1,68,2,1.0,1.0
1,4,2,1.0,1.0
1,2,many,0.0,0.0
1,68,16,1.0,1.0
1,68,0,1.0,0.0
1,68,many,0.0,0.0
1,0,many,0.0,0.0
1,many,4,1.0,1.0
1,0,16,0.0,0.0
1,0,2,0.0,0.0
1,16,2,1.0,1.0
1,many,16,1.0,1.0
1,68,4,1.0,1.0
1,68,2,1.0,1.0
1,0,many,0.0,0.0
1,68,0,1.0,1.0
1,4,0,1.0,1.0
1,16,68,0.0,0.0
1,many,2,1.0,0.0
1,4,many,0.0,1.0
1,16,2,1.0,1.0
1,68,many,0.0,0.0
1,0,2,0.0,0.0
1,0,16,0.0,0.0
1,16,many,0.0,0.0
1,2,4,0.0,0.0
1,4,68,0.0,0.0
1,4,16,0.0,1.0
1,0,68,0.0,0.0
1,many,2,1.0,1.0
1,0,4,0.0,0.0
1,2,0,1.0,1.0
1,many,0,1.0,1.0
1,0,16,0.0,0.0
1,16,many,0.0,0.0
1,16,4,1.0,0.0
1,68,many,0.0,0.0
1,4,many,0.0,0.0
1,68,2,1.0,1.0
1,2,4,0.0,0.0
1,68,16,1.0,1.0
1,68,4,1.0,0.0
1,2,16,0.0,0.0
1,16,many,0.0,0.0
1,4,68,0.0,1.0
1,68,2,1.0,1.0
1,2,16,0.0,0.0
1,0,many,0.0,0.0
1,16,4,1.0,1.0
1,0,4,0.0,0.0
1,16,0,1.0,1.0
1,2,0,1.0,1.0
1,68,0,1.0,0.0
1,2,many,0.0,0.0
1,68,16,1.0,1.0
1,many,4,1.0,0.0
1,many,68,1.0,1.0
1,4,2,1.0,1.0
1,0,2,0.0,0.0
1,many,2,1.0,1.0
1,0,many,0.0,0.0
1,2,68,0.0,1.0
1,16,2,1.0,1.0
1,68,0,1.0,1.0
1,4,0,1.0,1.0
1,4,68,0.0,0.0
1,16,68,0.0,0.0
1,0,16,0.0,0.0
1,2,4,0.0,1.0
1,16,many,0.0,0.0
1,many,68,1.0,0.0
1,many,4,1.0,1.0
1,16,4,1.0,1.0
1,68,many,0.0,1.0
1,many,2,1.0,0.0
1,0,2,0.0,0.0
1,2,16,0.0,0.0
1,16,0,1.0,1.0
1,2,68,0.0,1.0
1,many,0,1.0,1.0
1,68,0,1.0,1.0
1,16,many,0.0,0.0
1,68,16,1.0,1.0
1,68,4,1.0,1.0
1,many,4,1.0,1.0
1,4,0,1.0,1.0
1,4,16,0.0,0.0
1,2,4,0.0,0.0
2,4,0,1.0,1.0
2,4,many,0.0,0.0
2,many,0,1.0,1.0
2,2,many,0.0,0.0
2,68,2,1.0,1.0
2,0,2,0.0,0.0
2,2,16,0.0,0.0
2,0,16,0.0,0.0
2,68,16,1.0,0.0
2,4,2,1.0,0.0
2,4,68,0.0,1.0
2,4,16,0.0,0.0
2,0,68,0.0,0.0
2,many,68,1.0,1.0
2,16,many,0.0,0.0
2,4,2,1.0,1.0
2,many,4,1.0,1.0
2,68,0,1.0,1.0
2,4,16,0.0,0.0
2,many,2,1.0,1.0
2,many,16,1.0,1.0
2,many,0,1.0,0.0
2,2,0,1.0,1.0
2,16,68,0.0,0.0
2,0,16,0.0,0.0
2,4,68,0.0,0.0
2,0,4,0.0,1.0
2,68,many,0.0,1.0
2,2,16,0.0,1.0
2,68,2,1.0,0.0
2,0,many,0.0,0.0
2,0,16,0.0,0.0
2,4,2,1.0,1.0
2,16,many,0.0,0.0
2,68,4,1.0,1.0
2,68,16,1.0,1.0
2,0,2,0.0,1.0
2,0,4,0.0,0.0
2,68,2,1.0,1.0
2,4,16,0.0,1.0
2,many,68,1.0,1.0
2,many,2,1.0,0.0
2,16,2,1.0,1.0
2,many,4,1.0,0.0
2,68,0,1.0,1.0
2,2,68,0.0,1.0
2,0,many,0.0,0.0
2,4,0,1.0,1.0
2,many,16,1.0,1.0
2,2,many,0.0,1.0
2,4,2,1.0,1.0
2,2,16,0.0,1.0
2,many,68,1.0,0.0
2,0,16,0.0,0.0
2,68,0,1.0,1.0
2,4,many,0.0,0.0
2,4,68,0.0,1.0
2,4,16,0.0,0.0
2,2,0,1.0,1.0
2,16,68,0.0,1.0
2,16,68,0.0,0.0
2,0,many,0.0,0.0
2,4,2,1.0,1.0
2,2,0,1.0,0.0
2,16,many,0.0,1.0
2,2,16,0.0,0.0
2,many,68,1.0,1.0
2,4,16,0.0,1.0
2,0,4,0.0,0.0
2,4,many,0.0,0.0
2,68,0,1.0,1.0
2,16,0,1.0,1.0
2,68,4,1.0,0.0
2,2,68,0.0,1.0
2,2,many,0.0,1.0
2,0,4,0.0,1.0
2,2,4,0.0,1.0
2,2,16,0.0,1.0
2,2,0,1.0,0.0
2,68,4,1.0,1.0
2,many,16,1.0,1.0
2,many,4,1.0,1.0
2,68,2,1.0,0.0
2,many,0,1.0,1.0
2,many,68,1.0,1.0
2,16,4,1.0,0.0
2,2,many,0.0,0.0
2,16,0,1.0,1.0
2,68,16,1.0,0.0
2,68,0,1.0,1.0
2,16,2,1.0,1.0
2,68,2,1.0,0.0
2,0,2,0.0,0.0
2,0,16,0.0,0.0
2,many,0,1.0,1.0
2,68,many,0.0,0.0
2,many,2,1.0,1.0
2,many,16,1.0,0.0
2,many,4,1.0,1.0
2,68,0,1.0,1.0
2,4,16,0.0,1.0
2,68,16,1.0,0.0
2,4,2,1.0,1.0
2,0,4,0.0,1.0
2,4,68,0.0,0.0
2,4,2,1.0,1.0
2,16,2,1.0,0.0
2,4,many,0.0,1.0
2,16,68,0.0,0.0
2,many,0,1.0,1.0
2,4,68,0.0,0.0
2,many,2,1.0,1.0
2,0,4,0.0,0.0
2,2,0,1.0,1.0
2,0,68,0.0,0.0
2,0,16,0.0,0.0
2,68,2,1.0,1.0
2,16,4,1.0,0.0
2,many,68,1.0,1.0
2,many,16,1.0,1.0
2,68,2,1.0,1.0
2,0,2,0.0,1.0
2,2,4,0.0,1.0
2,0,16,0.0,0.0
2,many,4,1.0,1.0
2,many,16,1.0,0.0
2,16,4,1.0,1.0
2,0,4,0.0,0.0
2,many,2,1.0,0.0
2,68,many,0.0,0.0
2,68,4,1.0,0.0
2,0,68,0.0,0.0
2,0,many,0.0,0.0
2,16,68,0.0,1.0
2,2,16,0.0,1.0
2,4,0,1.0,0.0
2,2,0,1.0,1.0
2,many,2,1.0,0.0
2,68,4,1.0,1.0
2,16,many,0.0,1.0
2,68,16,1.0,0.0
2,2,68,0.0,0.0
2,many,4,1.0,1.0
2,4,2,1.0,0.0
2,16,4,1.0,1.0
2,0,68,0.0,1.0
2,16,0,1.0,0.0
2,68,many,0.0,1.0
2,16,2,1.0,1.0
2,0,many,0.0,0.0
3,many,68,1.0,1.0
3,2,many,0.0,0.0
3,0,many,0.0,0.0
3,68,2,1.0,1.0
3,2,0,1.0,1.0
3,68,16,1.0,1.0
3,4,68,0.0,0.0
3,many,4,1.0,1.0
3,many,16,1.0,0.0
3,4,16,0.0,0.0
3,0,16,0.0,0.0
3,0,4,0.0,0.0
3,4,2,1.0,1.0
3,16,2,1.0,0.0
3,68,0,1.0,1.0
3,0,4,0.0,0.0
3,16,68,0.0,1.0
3,4,2,1.0,1.0
3,many,68,1.0,1.0
3,16,0,1.0,1.0
3,0,2,0.0,0.0
3,0,many,0.0,0.0
3,4,16,0.0,0.0
3,0,68,0.0,0.0
3,2,16,0.0,0.0
3,68,2,1.0,1.0
3,many,16,1.0,0.0
3,many,2,1.0,1.0
3,many,4,1.0,1.0
3,4,68,0.0,0.0
3,16,many,0.0,0.0
3,0,2,0.0,0.0
3,68,0,1.0,1.0
3,68,4,1.0,0.0
3,0,many,0.0,0.0
3,2,many,0.0,0.0
3,2,16,0.0,0.0
3,4,16,0.0,0.0
3,0,4,0.0,0.0
3,4,2,1.0,1.0
3,68,2,1.0,1.0
3,68,16,1.0,1.0
3,4,many,0.0,0.0
3,68,many,0.0,1.0
3,16,0,1.0,1.0
3,16,many,0.0,0.0
3,4,68,0.0,1.0
3,4,2,1.0,1.0
3,0,2,0.0,0.0
3,many,4,1.0,1.0
3,2,many,0.0,0.0
3,16,2,1.0,0.0
3,many,0,1.0,1.0
3,4,0,1.0,1.0
3,0,16,0.0,0.0
3,68,2,1.0,1.0
3,0,68,0.0,0.0
3,4,16,0.0,0.0
3,16,68,0.0,0.0
3,many,68,1.0,1.0
3,2,68,0.0,0.0
3,16,4,1.0,0.0
3,68,16,1.0,0.0
3,0,4,0.0,1.0
3,many,0,1.0,1.0
3,68,0,1.0,1.0
3,2,many,0.0,0.0
3,0,16,0.0,0.0
3,16,2,1.0,1.0
3,4,many,0.0,0.0
3,2,0,1.0,1.0
3,16,many,0.0,1.0
3,68,4,1.0,0.0
3,68,many,0.0,0.0
3,2,4,0.0,1.0
3,many,4,1.0,1.0
3,68,4,1.0,1.0
3,many,0,1.0,1.0
3,68,0,1.0,1.0
3,16,0,1.0,1.0
3,68,2,1.0,1.0
3,16,68,0.0,1.0
3,2,0,1.0,1.0
3,2,16,0.0,0.0
3,many,2,1.0,1.0
3,many,68,1.0,0.0
3,many,16,1.0,1.0
3,0,4,0.0,0.0
3,4,2,1.0,1.0
3,4,16,0.0,0.0
3,many,4,1.0,1.0
3,4,16,0.0,0.0
3,68,16,1.0,0.0
3,2,many,0.0,0.0
3,4,2,1.0,1.0
3,0,68,0.0,0.0
3,2,0,1.0,0.0
3,many,0,1.0,1.0
3,2,68,0.0,0.0
3,0,16,0.0,0.0
3,0,4,0.0,1.0
3,16,2,1.0,1.0
3,68,many,0.0,0.0
3,4,68,0.0,1.0
3,16,many,0.0,0.0
3,2,4,0.0,0.0
3,68,0,1.0,1.0
3,4,16,0.0,1.0
3,4,68,0.0,0.0
3,2,many,0.0,0.0
3,4,0,1.0,1.0
3,16,0,1.0,0.0
3,0,many,0.0,0.0
3,many,16,1.0,0.0
3,68,2,1.0,1.0
3,2,0,1.0,1.0
3,many,4,1.0,1.0
3,2,16,0.0,0.0
3,16,68,0.0,1.0
3,many,68,1.0,1.0
3,2,many,0.0,0.0
3,many,4,1.0,0.0
3,16,68,0.0,1.0
3,0,many,0.0,0.0
3,68,2,1.0,0.0
3,16,0,1.0,1.0
3,4,16,0.0,1.0
3,0,2,0.0,0.0
3,68,many,0.0,1.0
3,2,16,0.0,0.0
3,many,16,1.0,1.0
3,0,4,0.0,0.0
3,68,4,1.0,0.0
3,4,2,1.0,1.0
3,0,68,0.0,0.0
3,0,4,0.0,0.0
3,0,16,0.0,0.0
3,2,many,0.0,0.0
3,68,0,1.0,1.0
3,68,2,1.0,1.0
3,many,0,1.0,1.0
3,16,many,0.0,1.0
3,16,4,1.0,1.0
3,68,4,1.0,1.0
3,0,2,0.0,0.0
3,68,many,0.0,0.0
3,16,68,0.0,0.0
3,2,16,0.0,0.0
3,4,2,1.0,1.0
3,4,many,0.0,0.0
4,2,68,0.0,0.0
4,68,0,1.0,1.0
4,0,many,0.0,0.0
4,many,68,1.0,1.0
4,16,many,0.0,0.0
4,16,0,1.0,1.0
4,many,2,1.0,1.0
4,68,4,1.0,1.0
4,16,2,1.0,1.0
4,0,4,0.0,0.0
4,4,16,0.0,1.0
4,16,68,0.0,0.0
4,4,many,0.0,0.0
4,0,2,0.0,0.0
4,2,4,0.0,1.0
4,68,many,0.0,0.0
4,68,0,1.0,1.0
4,16,many,0.0,0.0
4,4,0,1.0,1.0
4,2,many,0.0,0.0
4,0,2,0.0,0.0
4,68,2,1.0,1.0
4,2,16,0.0,0.0
4,68,16,1.0,1.0
4,68,4,1.0,1.0
4,0,many,0.0,0.0
4,many,4,1.0,1.0
4,0,16,0.0,0.0
4,4,16,0.0,0.0
4,4,2,1.0,0.0
4,2,4,0.0,0.0
4,4,many,0.0,0.0
4,many,16,1.0,1.0
4,many,0,1.0,1.0
4,68,2,1.0,1.0
4,4,68,0.0,0.0
4,4,0,1.0,1.0
4,68,many,0.0,0.0
4,16,0,1.0,1.0
4,0,68,0.0,0.0
4,16,2,1.0,1.0
4,2,many,0.0,0.0
4,0,2,0.0,0.0
4,16,4,1.0,1.0
4,68,16,1.0,1.0
4,many,16,1.0,1.0
4,0,many,0.0,0.0
4,0,4,0.0,0.0
4,68,2,1.0,1.0
4,many,2,1.0,1.0
4,many,4,1.0,1.0
4,many,68,1.0,1.0
4,2,4,0.0,0.0
4,0,16,0.0,0.0
4,16,4,1.0,1.0
4,16,2,1.0,0.0
4,68,4,1.0,0.0
4,0,68,0.0,0.0
4,68,16,1.0,0.0
4,0,2,0.0,0.0
4,16,68,0.0,0.0
4,4,16,0.0,1.0
4,many,4,1.0,1.0
4,0,4,0.0,0.0
4,2,many,0.0,0.0
4,2,0,1.0,1.0
4,2,16,0.0,1.0
4,many,0,1.0,1.0
4,2,4,0.0,1.0
4,2,68,0.0,0.0
4,68,many,0.0,0.0
4,4,68,0.0,1.0
4,16,many,0.0,0.0
4,68,0,1.0,1.0
4,16,0,1.0,1.0
4,4,0,1.0,1.0
4,16,many,0.0,0.0
4,0,68,0.0,0.0
4,16,2,1.0,1.0
4,68,many,0.0,0.0
4,0,2,0.0,0.0
4,4,many,0.0,0.0
4,68,16,1.0,1.0
4,2,4,0.0,0.0
4,many,0,1.0,1.0
4,68,4,1.0,1.0
4,many,2,1.0,1.0
4,2,68,0.0,0.0
4,0,16,0.0,0.0
4,16,4,1.0,1.0
4,2,68,0.0,0.0
4,68,many,0.0,0.0
4,16,0,1.0,1.0
4,16,4,1.0,1.0
4,16,2,1.0,1.0
4,68,0,1.0,1.0
4,0,many,0.0,0.0
4,16,68,0.0,0.0
4,2,0,1.0,1.0
4,0,4,0.0,0.0
4,4,68,0.0,0.0
4,many,16,1.0,1.0
4,2,4,0.0,0.0
4,many,2,1.0,1.0
4,4,many,0.0,0.0
4,many,68,1.0,1.0
4,0,2,0.0,0.0
4,16,4,1.0,1.0
4,2,68,0.0,0.0
4,many,2,1.0,1.0
4,4,68,0.0,0.0
4,16,many,0.0,0.0
4,0,many,0.0,0.0
4,4,2,1.0,1.0
4,4,many,0.0,0.0
4,4,0,1.0,1.0
4,68,0,1.0,1.0
4,16,68,0.0,1.0
4,16,2,1.0,0.0
4,0,16,0.0,0.0
4,many,0,1.0,1.0
4,68,many,0.0,0.0
4,68,16,1.0,1.0
4,0,4,0.0,0.0
4,68,2,1.0,0.0
4,16,4,1.0,1.0
4,2,16,0.0,1.0
4,0,68,0.0,0.0
4,4,many,0.0,0.0
4,16,many,0.0,0.0
4,4,2,1.0,0.0
4,0,2,0.0,0.0
4,many,2,1.0,1.0
4,0,16,0.0,0.0
4,68,4,1.0,0.0
4,68,many,0.0,0.0
4,16,4,1.0,1.0
4,16,2,1.0,0.0
4,2,68,0.0,0.0
4,2,4,0.0,0.0
4,many,2,1.0,1.0
4,2,0,1.0,1.0
4,many,16,1.0,1.0
4,68,0,1.0,1.0
4,0,many,0.0,0.0
4,0,4,0.0,0.0
4,16,0,1.0,1.0
4,4,many,0.0,0.0
4,68,4,1.0,0.0
4,68,16,1.0,1.0
5,2,0,1.0,1.0
5,0,16,0.0,0.0
5,2,many,0.0,0.0
5,68,2,1.0,1.0
5,68,16,1.0,1.0
5,many,0,1.0,1.0
5,4,16,0.0,1.0
5,4,2,1.0,1.0
5,many,4,1.0,1.0
5,4,68,0.0,0.0
5,0,4,0.0,0.0
5,68,0,1.0,0.0
5,16,many,0.0,0.0
5,many,68,1.0,1.0
5,16,2,1.0,1.0
5,0,many,0.0,0.0
5,16,0,1.0,1.0
5,68,0,1.0,1.0
5,16,4,1.0,0.0
5,68,2,1.0,1.0
5,16,many,0.0,0.0
5,68,many,0.0,0.0
5,2,4,0.0,0.0
5,4,0,1.0,1.0
5,2,16,0.0,1.0
5,0,2,0.0,1.0
5,4,many,0.0,0.0
5,16,68,0.0,0.0
5,4,68,0.0,0.0
5,2,many,0.0,0.0
5,0,68,0.0,0.0
5,2,0,1.0,1.0
5,0,many,0.0,0.0
5,68,2,1.0,1.0
5,many,2,1.0,1.0
5,16,0,1.0,0.0
5,16,68,0.0,0.0
5,4,68,0.0,0.0
5,2,4,0.0,0.0
5,many,16,1.0,1.0
5,0,4,0.0,0.0
5,4,many,0.0,0.0
5,4,16,0.0,0.0
5,many,68,1.0,0.0
5,2,16,0.0,0.0
5,2,68,0.0,0.0
5,many,68,1.0,1.0
5,0,4,0.0,0.0
5,many,4,1.0,1.0
5,2,4,0.0,0.0
5,many,0,1.0,1.0
5,16,0,1.0,1.0
5,16,many,0.0,0.0
5,0,68,0.0,0.0
5,16,4,1.0,1.0
5,0,2,0.0,0.0
5,16,68,0.0,0.0
5,2,many,0.0,0.0
5,2,16,0.0,0.0
5,4,68,0.0,0.0
5,0,2,0.0,0.0
5,many,2,1.0,1.0
5,4,many,0.0,0.0
5,2,4,0.0,1.0
5,16,2,1.0,0.0
5,4,68,0.0,0.0
5,4,16,0.0,0.0
5,68,many,0.0,0.0
5,0,many,0.0,0.0
5,4,0,1.0,1.0
5,16,many,0.0,1.0
5,68,2,1.0,1.0
5,68,0,1.0,1.0
5,68,16,1.0,1.0
5,16,0,1.0,1.0
5,0,4,0.0,0.0
5,4,16,0.0,0.0
5,4,68,0.0,0.0
5,0,many,0.0,0.0
5,0,2,0.0,0.0
5,0,16,0.0,0.0
5,many,68,1.0,1.0
5,many,4,1.0,1.0
5,many,2,1.0,1.0
5,0,68,0.0,0.0
5,16,many,0.0,0.0
5,2,68,0.0,0.0
5,2,4,0.0,0.0
5,16,68,0.0,0.0
5,2,16,0.0,0.0
5,68,16,1.0,1.0
5,2,4,0.0,0.0
5,many,4,1.0,1.0
5,0,2,0.0,0.0
5,0,68,0.0,0.0
5,many,16,1.0,1.0
5,16,2,1.0,1.0
5,many,68,1.0,1.0
5,4,0,1.0,1.0
5,0,16,0.0,0.0
5,2,68,0.0,0.0
5,2,many,0.0,0.0
5,many,0,1.0,1.0
5,16,4,1.0,1.0
5,68,4,1.0,1.0
5,2,4,0.0,0.0
5,68,4,1.0,1.0
5,2,0,1.0,1.0
5,many,16,1.0,1.0
5,0,many,0.0,0.0
5,0,68,0.0,0.0
5,2,many,0.0,0.0
5,16,0,1.0,1.0
5,4,many,0.0,0.0
5,16,2,1.0,1.0
5,4,16,0.0,0.0
5,2,68,0.0,0.0
5,16,68,0.0,0.0
5,many,68,1.0,1.0
5,4,0,1.0,1.0
5,0,4,0.0,0.0
5,many,0,1.0,1.0
5,16,0,1.0,1.0
5,0,68,0.0,0.0
5,2,4,0.0,0.0
5,2,many,0.0,0.0
5,68,16,1.0,1.0
5,many,4,1.0,1.0
5,68,4,1.0,1.0
5,16,many,0.0,0.0
5,68,2,1.0,1.0
5,68,many,0.0,0.0
5,2,0,1.0,1.0
5,4,16,0.0,0.0
5,16,2,1.0,1.0
5,16,0,1.0,1.0
5,2,4,0.0,0.0
5,2,many,0.0,0.0
5,many,16,1.0,1.0
5,many,4,1.0,1.0
5,4,0,1.0,1.0
5,16,2,1.0,1.0
5,68,2,1.0,1.0
5,2,0,1.0,1.0
5,0,many,0.0,0.0
5,4,68,0.0,0.0
5,68,many,0.0,0.0
5,16,4,1.0,1.0
5,0,68,0.0,0.0
5,68,16,1.0,1.0
6,16,0,1.0,1.0
6,many,2,1.0,1.0
6,0,many,0.0,0.0
6,many,68,1.0,1.0
6,16,2,1.0,1.0
6,many,16,1.0,1.0
6,68,0,1.0,1.0
6,0,2,0.0,0.0
6,68,2,1.0,1.0
6,4,many,0.0,0.0
6,4,68,0.0,1.0
6,16,68,0.0,0.0
6,0,4,0.0,0.0
6,16,4,1.0,1.0
6,2,4,0.0,0.0
6,0,many,0.0,0.0
6,68,4,1.0,1.0
6,many,2,1.0,1.0
6,68,0,1.0,1.0
6,16,4,1.0,1.0
6,68,2,1.0,1.0
6,16,many,0.0,0.0
6,2,4,0.0,0.0
6,many,68,1.0,1.0
6,2,0,1.0,1.0
6,0,4,0.0,0.0
6,0,16,0.0,0.0
6,4,many,0.0,0.0
6,2,16,0.0,0.0
6,16,68,0.0,1.0
6,16,many,0.0,0.0
6,0,2,0.0,0.0
6,2,4,0.0,0.0
6,many,68,1.0,1.0
6,4,0,1.0,1.0
6,68,16,1.0,1.0
6,many,0,1.0,1.0
6,4,many,0.0,0.0
6,68,0,1.0,1.0
6,2,68,0.0,0.0
6,0,16,0.0,0.0
6,16,4,1.0,1.0
6,16,2,1.0,1.0
6,2,many,0.0,0.0
6,68,4,1.0,1.0
6,16,4,1.0,1.0
6,2,4,0.0,0.0
6,many,16,1.0,1.0
6,68,many,0.0,0.0
6,68,4,1.0,1.0
6,4,0,1.0,1.0
6,0,68,0.0,0.0
6,4,many,0.0,0.0
6,16,68,0.0,0.0
6,16,0,1.0,1.0
6,0,many,0.0,0.0
6,many,2,1.0,1.0
6,0,2,0.0,0.0
6,68,2,1.0,1.0
6,16,2,1.0,1.0
6,many,4,1.0,1.0
6,68,16,1.0,0.0
6,16,many,0.0,0.0
6,68,0,1.0,1.0
6,0,4,0.0,0.0
6,16,0,1.0,1.0
6,4,2,1.0,0.0
6,68,many,0.0,0.0
6,4,16,0.0,1.0
6,2,many,0.0,0.0
6,4,68,0.0,0.0
6,2,16,0.0,0.0
6,many,0,1.0,1.0
6,68,2,1.0,1.0
6,2,0,1.0,1.0
6,many,68,1.0,1.0
6,4,0,1.0,1.0
6,0,many,0.0,0.0
6,0,16,0.0,0.0
6,68,16,1.0,1.0
6,0,2,0.0,0.0
6,4,68,0.0,1.0
6,4,16,0.0,1.0
6,16,2,1.0,1.0
6,many,2,1.0,1.0
6,16,many,0.0,0.0
6,many,4,1.0,1.0
6,68,0,1.0,1.0
6,68,2,1.0,1.0
6,4,2,1.0,1.0
6,68,2,1.0,1.0
6,4,0,1.0,1.0
6,many,68,1.0,0.0
6,2,many,0.0,0.0
6,2,16,0.0,1.0
6,0,many,0.0,0.0
6,4,68,0.0,0.0
6,68,0,1.0,1.0
6,0,16,0.0,0.0
6,many,16,1.0,1.0
6,4,2,1.0,1.0
6,4,many,0.0,0.0
6,68,16,1.0,0.0
6,0,2,0.0,0.0
6,16,4,1.0,0.0
6,2,68,0.0,0.0
6,0,4,0.0,0.0
6,2,many,0.0,0.0
6,2,16,0.0,1.0
6,4,16,0.0,0.0
6,0,2,0.0,0.0
6,4,many,0.0,0.0
6,0,68,0.0,0.0
6,16,0,1.0,1.0
6,0,many,0.0,0.0
6,many,68,1.0,0.0
6,16,68,0.0,0.0
6,4,2,1.0,1.0
6,68,4,1.0,1.0
6,many,16,1.0,1.0
6,many,0,1.0,1.0
6,2,many,0.0,0.0
6,68,0,1.0,1.0
6,many,4,1.0,1.0
6,0,2,0.0,0.0
6,68,16,1.0,1.0
6,16,0,1.0,1.0
6,4,0,1.0,1.0
6,2,68,0.0,0.0
6,16,many,0.0,0.0
6,2,4,0.0,0.0
6,68,many,0.0,1.0
6,4,16,0.0,0.0
6,16,2,1.0,1.0
6,4,68,0.0,0.0
6,many,2,1.0,1.0
6,4,0,1.0,1.0
6,2,4,0.0,0.0
6,2,0,1.0,1.0
6,4,68,0.0,0.0
6,0,many,0.0,0.0
6,16,4,1.0,0.0
6,68,many,0.0,0.0
6,many,4,1.0,1.0
6,0,68,0.0,0.0
6,68,2,1.0,1.0
6,0,16,0.0,0.0
6,2,16,0.0,0.0
6,16,68,0.0,1.0
6,many,16,1.0,0.0
7,68,0,1.0,1.0
7,2,0,1.0,1.0
7,0,16,0.0,0.0
7,many,4,1.0,1.0
7,68,16,1.0,0.0
7,many,0,1.0,1.0
7,16,2,1.0,1.0
7,4,2,1.0,0.0
7,many,2,1.0,0.0
7,0,4,0.0,0.0
7,68,many,0.0,1.0
7,68,2,1.0,1.0
7,many,16,1.0,0.0
7,4,68,0.0,1.0
7,16,4,1.0,0.0
7,2,many,0.0,0.0
7,0,4,0.0,0.0
7,4,16,0.0,0.0
7,0,2,0.0,0.0
7,2,4,0.0,0.0
7,16,2,1.0,0.0
7,many,16,1.0,1.0
7,68,0,1.0,1.0
7,many,0,1.0,1.0
7,2,68,0.0,1.0
7,68,many,0.0,1.0
7,4,many,0.0,0.0
7,16,68,0.0,0.0
7,16,0,1.0,1.0
7,4,68,0.0,0.0
7,2,many,0.0,1.0
7,many,4,1.0,1.0
7,many,0,1.0,1.0
7,16,2,1.0,1.0
7,16,many,0.0,0.0
7,68,16,1.0,0.0
7,4,2,1.0,1.0
7,many,68,1.0,1.0
7,68,2,1.0,0.0
7,0,2,0.0,0.0
7,4,16,0.0,0.0
7,0,4,0.0,0.0
7,68,4,1.0,0.0
7,16,0,1.0,1.0
7,0,68,0.0,0.0
7,0,68,0.0,0.0
7,2,4,0.0,1.0
7,68,2,1.0,1.0
7,many,4,1.0,0.0
7,16,0,1.0,1.0
7,0,4,0.0,0.0
7,many,16,1.0,1.0
7,0,2,0.0,0.0
7,0,many,0.0,0.0
7,68,4,1.0,1.0
7,2,16,0.0,0.0
7,4,16,0.0,1.0
7,many,2,1.0,1.0
7,68,16,1.0,0.0
7,68,many,0.0,0.0
7,2,68,0.0,0.0
7,2,many,0.0,0.0
7,4,2,1.0,1.0
7,0,2,0.0,0.0
7,68,many,0.0,1.0
7,68,16,1.0,0.0
7,0,many,0.0,0.0
7,4,many,0.0,1.0
7,68,0,1.0,1.0
7,0,4,0.0,0.0
7,many,16,1.0,1.0
7,68,4,1.0,1.0
7,4,16,0.0,0.0
7,0,16,0.0,0.0
7,2,16,0.0,0.0
7,4,68,0.0,0.0
7,many,0,1.0,1.0
7,16,68,0.0,1.0
7,2,68,0.0,0.0
7,4,16,0.0,0.0
7,0,4,0.0,0.0
7,many,4,1.0,0.0
7,2,0,1.0,1.0
7,many,2,1.0,0.0
7,0,68,0.0,0.0
7,many,68,1.0,0.0
7,16,many,0.0,0.0
7,2,16,0.0,0.0
7,4,2,1.0,0.0
7,0,16,0.0,0.0
7,16,4,1.0,0.0
7,0,many,0.0,0.0
7,16,0,1.0,1.0
7,0,68,0.0,0.0
7,0,2,0.0,0.0
7,68,many,0.0,0.0
7,16,2,1.0,1.0
7,4,0,1.0,1.0
7,many,2,1.0,0.0
7,68,2,1.0,0.0
7,16,68,0.0,1.0
7,2,4,0.0,1.0
7,68,4,1.0,1.0
7,4,many,0.0,0.0
7,many,16,1.0,0.0
7,16,0,1.0,1.0
7,many,2,1.0,0.0
7,2,4,0.0,0.0
7,2,16,0.0,1.0
7,68,0,1.0,1.0
7,68,many,0.0,0.0
7,0,4,0.0,0.0
7,16,4,1.0,1.0
7,2,0,1.0,1.0
7,68,4,1.0,0.0
7,16,many,0.0,1.0
7,many,4,1.0,0.0
7,2,68,0.0,0.0
7,many,0,1.0,1.0
7,68,16,1.0,1.0
7,2,0,1.0,1.0
7,many,68,1.0,1.0
7,16,4,1.0,0.0
7,2,4,0.0,0.0
7,0,68,0.0,0.0
7,16,68,0.0,0.0
7,16,2,1.0,0.0
7,many,0,1.0,1.0
7,4,0,1.0,1.0
7,4,many,0.0,0.0
7,68,4,1.0,0.0
7,0,16,0.0,0.0
7,68,2,1.0,1.0
7,many,16,1.0,1.0
7,2,many,0.0,0.0
7,0,4,0.0,0.0
7,16,68,0.0,0.0
7,many,16,1.0,1.0
7,many,68,1.0,0.0
7,0,2,0.0,1.0
7,16,0,1.0,1.0
7,4,many,0.0,1.0
7,2,68,0.0,1.0
7,4,2,1.0,0.0
7,4,16,0.0,1.0
7,68,4,1.0,0.0
7,0,many,0.0,0.0
7,many,2,1.0,0.0
7,2,16,0.0,1.0
7,68,0,1.0,1.0
8,many,2,1.0,1.0
8,0,many,0.0,0.0
8,0,68,0.0,0.0
8,2,0,1.0,0.0
8,68,16,1.0,1.0
8,4,2,1.0,1.0
8,4,many,0.0,0.0
8,68,many,0.0,0.0
8,4,16,0.0,1.0
8,many,16,1.0,0.0
8,68,4,1.0,1.0
8,0,4,0.0,0.0
8,2,68,0.0,0.0
8,16,2,1.0,0.0
8,0,16,0.0,0.0
8,16,68,0.0,0.0
8,2,16,0.0,0.0
8,0,16,0.0,0.0
8,68,many,0.0,1.0
8,2,4,0.0,0.0
8,2,many,0.0,0.0
8,many,4,1.0,1.0
8,2,68,0.0,0.0
8,4,0,1.0,1.0
8,many,0,1.0,1.0
8,0,68,0.0,0.0
8,4,16,0.0,0.0
8,2,0,1.0,1.0
8,16,many,0.0,0.0
8,68,4,1.0,1.0
8,68,many,0.0,0.0
8,16,many,0.0,0.0
8,2,4,0.0,0.0
8,68,16,1.0,1.0
8,4,0,1.0,1.0
8,68,2,1.0,1.0
8,4,many,0.0,0.0
8,16,4,1.0,1.0
8,0,2,0.0,0.0
8,many,2,1.0,1.0
8,2,16,0.0,0.0
8,0,68,0.0,0.0
8,0,many,0.0,0.0
8,16,0,1.0,1.0
8,68,4,1.0,0.0
8,many,0,1.0,1.0
8,0,2,0.0,0.0
8,68,2,1.0,1.0
8,68,0,1.0,1.0
8,2,many,0.0,1.0
8,16,many,0.0,0.0
8,4,2,1.0,1.0
8,16,4,1.0,1.0
8,68,4,1.0,1.0
8,4,many,0.0,0.0
8,16,0,1.0,1.0
8,68,many,0.0,0.0
8,0,4,0.0,0.0
8,16,2,1.0,0.0
8,16,68,0.0,0.0
8,4,many,0.0,0.0
8,4,68,0.0,0.0
8,2,0,1.0,1.0
8,0,many,0.0,0.0
8,2,68,0.0,1.0
8,0,16,0.0,0.0
8,4,0,1.0,1.0
8,16,68,0.0,0.0
8,2,4,0.0,0.0
8,many,16,1.0,1.0
8,many,68,1.0,1.0
8,many,2,1.0,1.0
8,16,4,1.0,0.0
8,2,16,0.0,0.0
8,68,0,1.0,1.0
8,4,many,0.0,0.0
8,4,2,1.0,0.0
8,4,0,1.0,1.0
8,2,many,0.0,0.0
8,0,many,0.0,0.0
8,2,68,0.0,0.0
8,2,0,1.0,1.0
8,many,16,1.0,1.0
8,68,0,1.0,1.0
8,4,16,0.0,0.0
8,68,many,0.0,1.0
8,16,2,1.0,0.0
8,68,4,1.0,1.0
8,0,16,0.0,0.0
8,68,16,1.0,0.0
8,many,68,1.0,1.0
8,2,4,0.0,0.0
8,0,16,0.0,0.0
8,many,0,1.0,1.0
8,many,2,1.0,1.0
8,16,4,1.0,1.0
8,68,16,1.0,1.0
8,0,2,0.0,0.0
8,0,68,0.0,0.0
8,68,4,1.0,1.0
8,16,2,1.0,0.0
8,0,4,0.0,0.0
8,4,many,0.0,0.0
8,2,68,0.0,1.0
8,16,many,0.0,0.0
8,2,0,1.0,1.0
8,4,0,1.0,1.0
8,many,0,1.0,1.0
8,0,68,0.0,0.0
8,many,16,1.0,1.0
8,4,2,1.0,0.0
8,many,4,1.0,1.0
8,68,2,1.0,1.0
8,0,16,0.0,0.0
8,16,2,1.0,1.0
8,16,4,1.0,1.0
8,many,2,1.0,1.0
8,68,16,1.0,1.0
8,68,many,0.0,1.0
8,68,4,1.0,1.0
8,68,16,1.0,0.0
8,many,0,1.0,1.0
8,many,68,1.0,1.0
8,4,2,1.0,1.0
8,4,many,0.0,1.0
8,16,many,0.0,0.0
8,0,2,0.0,0.0
8,2,68,0.0,0.0
8,2,16,0.0,1.0
8,68,4,1.0,1.0
8,many,2,1.0,1.0
8,16,0,1.0,1.0
8,16,4,1.0,1.0
8,4,0,1.0,1.0
8,0,68,0.0,0.0
8,16,0,1.0,1.0
8,4,0,1.0,1.0
8,16,68,0.0,0.0
8,0,2,0.0,0.0
8,2,4,0.0,0.0
8,2,many,0.0,0.0
8,16,many,0.0,0.0
8,4,many,0.0,0.0
8,16,2,1.0,0.0
8,many,0,1.0,1.0
8,68,0,1.0,1.0
8,68,4,1.0,1.0
8,2,68,0.0,0.0
8,16,4,1.0,1.0
8,many,68,1.0,1.0
9,16,2,1.0,0.0
9,4,many,0.0,0.0
9,68,4,1.0,1.0
9,many,16,1.0,1.0
9,0,many,0.0,0.0
9,many,2,1.0,1.0
9,68,2,1.0,0.0
9,68,0,1.0,1.0
9,16,4,1.0,0.0
9,16,68,0.0,1.0
9,68,many,0.0,1.0
9,16,0,1.0,1.0
9,2,4,0.0,0.0
9,2,0,1.0,1.0
9,4,0,1.0,1.0
9,many,4,1.0,1.0
9,0,16,0.0,0.0
9,2,4,0.0,0.0
9,2,16,0.0,0.0
9,2,0,1.0,1.0
9,0,many,0.0,0.0
9,68,many,0.0,0.0
9,0,4,0.0,0.0
9,68,0,1.0,1.0
9,68,2,1.0,0.0
9,many,16,1.0,0.0
9,many,2,1.0,1.0
9,16,4,1.0,1.0
9,4,68,0.0,0.0
9,16,68,0.0,1.0
9,2,4,0.0,1.0
9,many,4,1.0,1.0
9,many,2,1.0,1.0
9,16,many,0.0,1.0
9,4,0,1.0,1.0
9,68,16,1.0,1.0
9,16,2,1.0,1.0
9,0,16,0.0,0.0
9,68,2,1.0,1.0
9,0,68,0.0,0.0
9,0,2,0.0,0.0
9,0,many,0.0,0.0
9,4,68,0.0,1.0
9,many,68,1.0,0.0
9,4,16,0.0,0.0
9,2,0,1.0,1.0
9,0,16,0.0,0.0
9,68,0,1.0,1.0
9,many,2,1.0,1.0
9,68,4,1.0,0.0
9,2,16,0.0,0.0
9,4,many,0.0,0.0
9,many,16,1.0,0.0
9,many,0,1.0,1.0
9,4,2,1.0,0.0
9,many,68,1.0,0.0
9,4,0,1.0,1.0
9,2,68,0.0,0.0
9,16,68,0.0,0.0
9,16,4,1.0,1.0
9,0,many,0.0,0.0
9,16,many,0.0,0.0
9,0,4,0.0,0.0
9,many,2,1.0,1.0
9,68,2,1.0,1.0
9,68,0,1.0,1.0
9,4,68,0.0,0.0
9,16,68,0.0,1.0
9,68,many,0.0,0.0
9,0,16,0.0,0.0
9,2,4,0.0,0.0
9,2,16,0.0,0.0
9,2,0,1.0,1.0
9,4,16,0.0,0.0
9,many,4,1.0,1.0
9,4,68,0.0,1.0
9,16,0,1.0,1.0
9,many,2,1.0,1.0
9,2,68,0.0,0.0
9,16,many,0.0,1.0
9,0,68,0.0,0.0
9,2,4,0.0,1.0
9,2,0,1.0,1.0
9,many,0,1.0,1.0
9,4,0,1.0,1.0
9,4,many,0.0,0.0
9,16,68,0.0,0.0
9,2,16,0.0,1.0
9,many,68,1.0,1.0
9,16,4,1.0,0.0
9,0,many,0.0,0.0
9,many,2,1.0,1.0
9,0,4,0.0,0.0
9,2,0,1.0,1.0
9,68,16,1.0,1.0
9,many,68,1.0,1.0
9,16,4,1.0,1.0
9,2,4,0.0,0.0
9,4,many,0.0,0.0
9,68,4,1.0,0.0
9,2,68,0.0,1.0
9,2,16,0.0,0.0
9,16,0,1.0,1.0
9,16,many,0.0,1.0
9,0,68,0.0,0.0
9,4,many,0.0,1.0
9,many,16,1.0,1.0
9,4,68,0.0,1.0
9,4,16,0.0,0.0
9,68,0,1.0,1.0
9,68,16,1.0,0.0
9,0,2,0.0,0.0
9,2,16,0.0,1.0
9,many,0,1.0,1.0
9,4,0,1.0,1.0
9,0,16,0.0,0.0
9,many,2,1.0,1.0
9,4,2,1.0,0.0
9,68,2,1.0,1.0
9,many,68,1.0,0.0
9,4,0,1.0,1.0
9,0,2,0.0,0.0
9,2,68,0.0,0.0
9,many,68,1.0,0.0
9,many,0,1.0,1.0
9,68,16,1.0,0.0
9,many,4,1.0,1.0
9,16,2,1.0,1.0
9,2,many,0.0,0.0
9,4,2,1.0,0.0
9,16,0,1.0,1.0
9,many,16,1.0,1.0
9,68,4,1.0,0.0
9,0,68,0.0,0.0
9,4,16,0.0,1.0
9,2,many,0.0,0.0
9,68,many,0.0,1.0
9,many,0,1.0,1.0
9,4,many,0.0,1.0
9,16,many,0.0,1.0
9,0,16,0.0,0.0
9,68,2,1.0,1.0
9,4,68,0.0,1.0
9,0,68,0.0,0.0
9,4,16,0.0,1.0
9,0,4,0.0,0.0
9,16,2,1.0,0.0
9,68,16,1.0,0.0
9,2,4,0.0,1.0
9,0,2,0.0,0.0
10,0,68,0.0,0.0
10,16,4,1.0,1.0
10,many,16,1.0,1.0
10,many,2,1.0,1.0
10,0,many,0.0,0.0
10,many,4,1.0,1.0
10,16,2,1.0,1.0
10,68,4,1.0,1.0
10,0,4,0.0,0.0
10,68,16,1.0,1.0
10,0,16,0.0,0.0
10,2,68,0.0,1.0
10,2,0,1.0,1.0
10,68,many,0.0,0.0
10,2,4,0.0,0.0
10,68,16,1.0,1.0
10,2,many,0.0,0.0
10,68,many,0.0,0.0
10,2,0,1.0,1.0
10,16,2,1.0,1.0
10,4,68,0.0,1.0
10,many,16,1.0,1.0
10,16,4,1.0,0.0
10,68,2,1.0,1.0
10,many,4,1.0,0.0
10,0,68,0.0,0.0
10,2,4,0.0,0.0
10,0,16,0.0,0.0
10,0,4,0.0,0.0
10,0,many,0.0,0.0
10,0,2,0.0,0.0
10,16,many,0.0,1.0
10,0,many,0.0,0.0
10,2,many,0.0,0.0
10,16,2,1.0,1.0
10,68,2,1.0,1.0
10,4,many,0.0,0.0
10,68,0,1.0,1.0
10,68,many,0.0,1.0
10,16,4,1.0,1.0
10,2,4,0.0,0.0
10,68,4,1.0,0.0
10,4,0,1.0,1.0
10,68,16,1.0,0.0
10,0,16,0.0,0.0
10,0,16,0.0,0.0
10,2,0,1.0,1.0
10,68,16,1.0,0.0
10,4,many,0.0,0.0
10,68,4,1.0,0.0
10,16,2,1.0,0.0
10,many,2,1.0,1.0
10,4,0,1.0,1.0
10,4,2,1.0,1.0
10,0,68,0.0,0.0
10,16,4,1.0,1.0
10,68,2,1.0,0.0
10,0,many,0.0,0.0
10,68,many,0.0,0.0
10,many,16,1.0,1.0
10,0,4,0.0,0.0
10,16,4,1.0,1.0
10,68,2,1.0,1.0
10,many,2,1.0,1.0
10,many,68,1.0,1.0
10,0,many,0.0,0.0
10,16,0,1.0,1.0
10,16,many,0.0,0.0
10,4,2,1.0,0.0
10,16,68,0.0,1.0
10,4,68,0.0,1.0
10,2,0,1.0,1.0
10,2,16,0.0,1.0
10,0,68,0.0,0.0
10,many,4,1.0,1.0
10,many,68,1.0,0.0
10,0,2,0.0,0.0
10,0,4,0.0,0.0
10,16,0,1.0,1.0
10,4,68,0.0,1.0
10,0,many,0.0,0.0
10,4,2,1.0,1.0
10,many,16,1.0,1.0
10,68,0,1.0,1.0
10,4,many,0.0,0.0
10,2,many,0.0,0.0
10,16,2,1.0,1.0
10,2,68,0.0,1.0
10,4,16,0.0,0.0
10,16,68,0.0,0.0
10,4,0,1.0,1.0
10,0,many,0.0,0.0
10,many,16,1.0,0.0
10,68,4,1.0,1.0
10,0,2,0.0,0.0
10,4,16,0.0,0.0
10,2,many,0.0,0.0
10,0,68,0.0,0.0
10,68,16,1.0,1.0
10,4,many,0.0,0.0
10,0,16,0.0,0.0
10,2,68,0.0,0.0
10,2,16,0.0,0.0
10,68,many,0.0,0.0
10,4,2,1.0,0.0
10,0,68,0.0,0.0
10,4,2,1.0,1.0
10,4,68,0.0,0.0
10,2,68,0.0,0.0
10,many,2,1.0,1.0
10,16,many,0.0,0.0
10,0,many,0.0,0.0
10,many,4,1.0,1.0
10,68,many,0.0,0.0
10,16,4,1.0,0.0
10,2,16,0.0,0.0
10,4,0,1.0,1.0
10,16,68,0.0,1.0
10,2,0,1.0,1.0
10,16,0,1.0,1.0
10,many,4,1.0,1.0
10,0,many,0.0,0.0
10,many,2,1.0,1.0
10,68,many,0.0,0.0
10,0,68,0.0,0.0
10,16,2,1.0,0.0
10,16,many,0.0,0.0
10,4,0,1.0,1.0
10,16,0,1.0,1.0
10,2,4,0.0,0.0
10,68,2,1.0,1.0
10,4,16,0.0,0.0
10,68,16,1.0,0.0
10,4,68,0.0,1.0
10,2,0,1.0,1.0
10,0,many,0.0,0.0
10,4,many,0.0,0.0
10,4,0,1.0,1.0
10,2,many,0.0,1.0
10,16,2,1.0,1.0
10,4,16,0.0,0.0
10,4,2,1.0,1.0
10,68,many,0.0,0.0
10,2,68,0.0,0.0
10,16,68,0.0,0.0
10,2,0,1.0,1.0
10,68,0,1.0,1.0
10,16,many,0.0,0.0
10,16,0,1.0,1.0
10,4,68,0.0,1.0
12,0,68,0.0,0.0
12,16,4,1.0,1.0
12,0,4,0.0,0.0
12,2,many,0.0,0.0
12,16,68,0.0,0.0
12,many,4,1.0,1.0
12,16,many,0.0,0.0
12,2,16,0.0,0.0
12,0,2,0.0,0.0
12,68,2,1.0,1.0
12,many,0,1.0,1.0
12,4,68,0.0,0.0
12,16,0,1.0,1.0
12,many,68,1.0,1.0
12,2,4,0.0,1.0
12,0,2,0.0,0.0
12,many,2,1.0,1.0
12,0,68,0.0,0.0
12,many,4,1.0,1.0
12,68,many,0.0,0.0
12,2,4,0.0,0.0
12,16,68,0.0,0.0
12,4,16,0.0,1.0
12,68,2,1.0,1.0
12,many,16,1.0,1.0
12,4,0,1.0,1.0
12,many,0,1.0,1.0
12,2,16,0.0,0.0
12,16,0,1.0,1.0
12,4,68,0.0,0.0
12,2,many,0.0,0.0
12,68,many,0.0,1.0
12,0,16,0.0,0.0
12,0,4,0.0,0.0
12,2,4,0.0,0.0
12,16,68,0.0,0.0
12,0,2,0.0,0.0
12,0,many,0.0,0.0
12,4,68,0.0,0.0
12,4,16,0.0,0.0
12,4,many,0.0,0.0
12,68,0,1.0,1.0
12,16,many,0.0,0.0
12,16,2,1.0,1.0
12,68,2,1.0,1.0
12,many,0,1.0,1.0
12,16,many,0.0,0.0
12,0,16,0.0,0.0
12,4,2,1.0,1.0
12,16,4,1.0,1.0
12,68,16,1.0,0.0
12,0,4,0.0,0.0
12,16,2,1.0,0.0
12,2,many,0.0,0.0
12,0,2,0.0,0.0
12,4,68,0.0,0.0
12,68,0,1.0,1.0
12,4,many,0.0,1.0
12,68,many,0.0,1.0
12,2,68,0.0,0.0
12,4,many,0.0,0.0
12,0,4,0.0,0.0
12,68,2,1.0,1.0
12,16,4,1.0,1.0
12,0,68,0.0,0.0
12,16,0,1.0,1.0
12,2,4,0.0,1.0
12,many,0,1.0,1.0
12,4,68,0.0,1.0
12,16,many,0.0,0.0
12,many,2,1.0,0.0
12,16,2,1.0,1.0
12,0,2,0.0,0.0
12,many,68,1.0,1.0
12,68,16,1.0,1.0
12,many,2,1.0,1.0
12,4,68,0.0,0.0
12,many,0,1.0,1.0
12,4,16,0.0,1.0
12,0,16,0.0,0.0
12,0,4,0.0,0.0
12,0,68,0.0,0.0
12,0,2,0.0,0.0
12,68,2,1.0,1.0
12,4,2,1.0,0.0
12,4,many,0.0,0.0
12,16,many,0.0,1.0
12,2,16,0.0,0.0
12,16,68,0.0,1.0
12,68,many,0.0,0.0
12,68,2,1.0,0.0
12,4,2,1.0,1.0
12,16,68,0.0,1.0
12,16,0,1.0,1.0
12,68,4,1.0,1.0
12,4,16,0.0,1.0
12,2,16,0.0,1.0
12,0,many,0.0,0.0
12,68,many,0.0,1.0
12,4,many,0.0,0.0
12,2,many,0.0,0.0
12,4,0,1.0,1.0
12,0,68,0.0,0.0
12,0,2,0.0,0.0
12,many,16,1.0,1.0
12,many,2,1.0,1.0
12,16,2,1.0,0.0
12,0,68,0.0,0.0
12,4,0,1.0,1.0
12,68,16,1.0,1.0
12,68,4,1.0,0.0
12,68,2,1.0,1.0
12,0,many,0.0,0.0
12,4,2,1.0,0.0
12,4,many,0.0,0.0
12,2,0,1.0,1.0
12,16,4,1.0,1.0
12,0,16,0.0,0.0
12,many,16,1.0,1.0
12,many,68,1.0,1.0
12,0,2,0.0,0.0
12,4,68,0.0,1.0
12,68,2,1.0,1.0
12,2,4,0.0,1.0
12,16,0,1.0,1.0
12,16,68,0.0,1.0
12,16,2,1.0,1.0
12,4,many,0.0,0.0
12,16,4,1.0,0.0
12,many,0,1.0,1.0
12,many,68,1.0,1.0
12,many,16,1.0,1.0
12,4,0,1.0,1.0
12,many,2,1.0,1.0
12,68,0,1.0,1.0
12,16,2,1.0,1.0
12,many,2,1.0,1.0
12,16,4,1.0,0.0
12,68,many,0.0,1.0
12,68,0,1.0,1.0
12,many,4,1.0,1.0
12,0,16,0.0,0.0
12,16,many,0.0,1.0
12,2,4,0.0,0.0
12,4,68,0.0,1.0
12,many,0,1.0,1.0
12,0,4,0.0,0.0
12,16,68,0.0,0.0
12,68,2,1.0,1.0
12,2,0,1.0,1.0
15,68,0,1.0,0.0
15,4,0,1.0,0.0
15,2,0,1.0,1.0
15,many,68,1.0,0.0
15,16,4,1.0,1.0
15,16,many,0.0,0.0
15,2,68,0.0,1.0
15,many,2,1.0,1.0
15,0,16,0.0,1.0
15,many,4,1.0,1.0
15,16,2,1.0,0.0
15,68,4,1.0,1.0
15,2,4,0.0,0.0
15,0,many,0.0,0.0
15,16,68,0.0,0.0
15,many,4,1.0,0.0
15,0,2,0.0,0.0
15,16,0,1.0,0.0
15,4,0,1.0,1.0
15,68,0,1.0,1.0
15,4,16,0.0,0.0
15,many,68,1.0,0.0
15,many,0,1.0,1.0
15,2,16,0.0,0.0
15,many,2,1.0,0.0
15,68,2,1.0,1.0
15,4,2,1.0,1.0
15,4,68,0.0,0.0
15,16,68,0.0,1.0
15,16,many,0.0,1.0
15,4,0,1.0,1.0
15,0,many,0.0,0.0
15,many,2,1.0,1.0
15,2,4,0.0,0.0
15,0,2,0.0,0.0
15,many,16,1.0,0.0
15,2,16,0.0,0.0
15,68,0,1.0,1.0
15,many,68,1.0,1.0
15,4,68,0.0,1.0
15,4,many,0.0,1.0
15,68,16,1.0,1.0
15,68,2,1.0,1.0
15,16,0,1.0,1.0
15,4,16,0.0,0.0
15,2,4,0.0,1.0
15,68,many,0.0,0.0
15,0,68,0.0,1.0
15,4,68,0.0,1.0
15,2,16,0.0,0.0
15,4,16,0.0,0.0
15,68,2,1.0,0.0
15,0,16,0.0,0.0
15,16,68,0.0,1.0
15,4,0,1.0,0.0
15,many,0,1.0,0.0
15,2,0,1.0,0.0
15,2,many,0.0,1.0
15,many,16,1.0,1.0
15,many,4,1.0,1.0
15,2,many,0.0,1.0
15,16,68,0.0,0.0
15,many,0,1.0,0.0
15,4,68,0.0,1.0
15,2,4,0.0,1.0
15,2,0,1.0,1.0
15,16,4,1.0,1.0
15,many,68,1.0,1.0
15,16,2,1.0,1.0
15,0,4,0.0,1.0
15,4,many,0.0,1.0
15,many,16,1.0,1.0
15,2,68,0.0,1.0
15,0,68,0.0,0.0
15,16,0,1.0,1.0
15,many,68,1.0,0.0
15,0,many,0.0,0.0
15,0,4,0.0,1.0
15,many,2,1.0,1.0
15,many,16,1.0,1.0
15,4,2,1.0,1.0
15,4,many,0.0,1.0
15,68,0,1.0,1.0
15,2,16,0.0,1.0
15,16,0,1.0,1.0
15,68,4,1.0,1.0
15,0,2,0.0,1.0
15,2,68,0.0,1.0
15,16,68,0.0,1.0
15,4,16,0.0,1.0
15,many,68,1.0,1.0
15,16,2,1.0,1.0
15,2,0,1.0,1.0
15,0,68,0.0,0.0
15,many,0,1.0,0.0
15,16,4,1.0,0.0
15,2,68,0.0,0.0
15,many,16,1.0,0.0
15,4,2,1.0,0.0
15,4,68,0.0,0.0
15,2,many,0.0,0.0
15,16,0,1.0,0.0
15,4,0,1.0,0.0
15,68,16,1.0,0.0
15,many,4,1.0,0.0
15,68,many,0.0,0.0
15,2,4,0.0,0.0
15,68,0,1.0,0.0
15,2,many,0.0,0.0
15,many,16,1.0,0.0
15,many,0,1.0,0.0
15,2,16,0.0,0.0
15,0,2,0.0,0.0
15,16,4,1.0,0.0
15,2,68,0.0,0.0
15,many,4,1.0,0.0
15,0,4,0.0,0.0
15,16,0,1.0,0.0
15,4,68,0.0,1.0
15,68,16,1.0,1.0
15,4,2,1.0,1.0
15,many,4,1.0,1.0
15,many,2,1.0,1.0
15,16,68,0.0,1.0
15,4,68,0.0,1.0
15,4,16,0.0,1.0
15,2,68,0.0,1.0
15,4,0,1.0,1.0
15,many,0,1.0,1.0
15,many,16,1.0,0.0
15,2,0,1.0,0.0
15,16,2,1.0,0.0
15,0,68,0.0,0.0
15,68,many,0.0,0.0
15,16,0,1.0,0.0
15,68,2,1.0,0.0
15,4,many,0.0,0.0
15,0,16,0.0,0.0
15,68,many,0.0,0.0
15,16,many,0.0,0.0
15,4,2,1.0,0.0
15,many,2,1.0,1.0
15,many,0,1.0,1.0
15,16,68,0.0,1.0
15,0,4,0.0,1.0
15,68,4,1.0,1.0
15,16,2,1.0,1.0
15,16,4,1.0,1.0
15,2,0,1.0,0.0
15,0,68,0.0,1.0
16,2,4,0.0,1.0
16,0,many,0.0,0.0
16,16,4,1.0,1.0
16,0,2,0.0,0.0
16,68,many,0.0,1.0
16,2,many,0.0,0.0
16,4,0,1.0,1.0
16,0,68,0.0,0.0
16,2,16,0.0,0.0
16,2,68,0.0,1.0
16,many,16,1.0,1.0
16,4,68,0.0,0.0
16,many,4,1.0,1.0
16,68,16,1.0,0.0
16,16,0,1.0,1.0
16,0,many,0.0,0.0
16,2,many,0.0,0.0
16,2,0,1.0,0.0
16,4,2,1.0,1.0
16,16,0,1.0,1.0
16,68,2,1.0,1.0
16,4,many,0.0,1.0
16,68,16,1.0,0.0
16,0,4,0.0,0.0
16,68,0,1.0,1.0
16,many,68,1.0,1.0
16,16,2,1.0,1.0
16,4,68,0.0,0.0
16,16,many,0.0,0.0
16,4,16,0.0,0.0
16,16,0,1.0,1.0
16,2,16,0.0,1.0
16,2,many,0.0,1.0
16,0,4,0.0,0.0
16,4,2,1.0,1.0
16,68,16,1.0,1.0
16,4,68,0.0,1.0
16,16,4,1.0,1.0
16,0,2,0.0,0.0
16,0,68,0.0,0.0
16,4,many,0.0,1.0
16,16,many,0.0,0.0
16,2,68,0.0,1.0
16,many,68,1.0,1.0
16,many,0,1.0,1.0
16,68,2,1.0,0.0
16,2,many,0.0,0.0
16,68,16,1.0,0.0
16,68,many,0.0,1.0
16,16,0,1.0,1.0
16,0,many,0.0,0.0
16,16,2,1.0,0.0
16,many,16,1.0,0.0
16,4,2,1.0,0.0
16,2,0,1.0,1.0
16,4,16,0.0,1.0
16,68,4,1.0,0.0
16,many,4,1.0,1.0
16,0,68,0.0,0.0
16,0,4,0.0,0.0
16,16,68,0.0,1.0
16,68,2,1.0,1.0
16,16,0,1.0,1.0
16,16,many,0.0,0.0
16,many,0,1.0,1.0
16,many,2,1.0,0.0
16,2,16,0.0,1.0
16,2,0,1.0,1.0
16,4,2,1.0,1.0
16,4,68,0.0,0.0
16,many,4,1.0,1.0
16,4,16,0.0,0.0
16,0,4,0.0,1.0
16,0,68,0.0,0.0
16,many,68,1.0,1.0
16,0,68,0.0,0.0
16,many,4,1.0,1.0
16,many,0,1.0,1.0
16,68,16,1.0,0.0
16,4,0,1.0,1.0
16,many,16,1.0,1.0
16,many,2,1.0,1.0
16,2,68,0.0,0.0
16,0,2,0.0,0.0
16,2,16,0.0,1.0
16,many,68,1.0,0.0
16,2,4,0.0,1.0
16,16,0,1.0,1.0
16,68,4,1.0,1.0
16,16,4,1.0,0.0
16,4,16,0.0,1.0
16,many,4,1.0,1.0
16,16,2,1.0,0.0
16,2,0,1.0,0.0
16,4,0,1.0,1.0
16,many,0,1.0,0.0
16,4,68,0.0,1.0
16,0,16,0.0,0.0
16,2,many,0.0,0.0
16,68,2,1.0,0.0
16,4,2,1.0,1.0
16,0,68,0.0,0.0
16,68,many,0.0,0.0
16,many,16,1.0,0.0
16,16,68,0.0,0.0
16,many,2,1.0,1.0
16,0,4,0.0,0.0
16,2,16,0.0,0.0
16,68,16,1.0,1.0
16,2,4,0.0,0.0
16,many,68,1.0,0.0
16,4,many,0.0,1.0
16,2,68,0.0,0.0
16,0,many,0.0,0.0
16,68,4,1.0,0.0
16,4,16,0.0,0.0
16,0,16,0.0,0.0
16,0,2,0.0,0.0
16,many,16,1.0,0.0
16,68,0,1.0,0.0
16,4,68,0.0,0.0
16,2,68,0.0,0.0
16,16,2,1.0,0.0
16,0,2,0.0,0.0
16,many,68,1.0,0.0
16,many,4,1.0,0.0
16,many,2,1.0,0.0
16,many,0,1.0,0.0
16,16,4,1.0,0.0
16,16,68,0.0,0.0
16,0,16,0.0,0.0
16,4,0,1.0,1.0
16,4,2,1.0,0.0
16,many,16,1.0,0.0
16,0,68,0.0,0.0
16,4,0,1.0,1.0
16,many,4,1.0,0.0
16,0,many,0.0,0.0
16,4,2,1.0,0.0
16,0,16,0.0,0.0
16,many,16,1.0,1.0
16,2,many,0.0,0.0
16,0,2,0.0,0.0
16,68,2,1.0,0.0
16,2,16,0.0,0.0
16,68,many,0.0,0.0
16,68,0,1.0,1.0
16,16,4,1.0,0.0
16,68,16,1.0,1.0
16,4,68,0.0,0.0
18,many,2,1.0,0.0
18,4,68,0.0,1.0
18,many,16,1.0,1.0
18,4,2,1.0,0.0
18,many,4,1.0,0.0
18,many,0,1.0,0.0
18,0,2,0.0,1.0
18,0,68,0.0,1.0
18,16,0,1.0,1.0
18,68,16,1.0,1.0
18,0,4,0.0,1.0
18,2,68,0.0,1.0
18,16,2,1.0,1.0
18,68,many,0.0,0.0
18,4,16,0.0,1.0
18,2,68,0.0,1.0
18,4,2,1.0,0.0
18,0,68,0.0,0.0
18,0,many,0.0,0.0
18,68,many,0.0,1.0
18,16,4,1.0,1.0
18,0,2,0.0,1.0
18,many,2,1.0,0.0
18,16,68,0.0,0.0
18,4,68,0.0,0.0
18,16,many,0.0,0.0
18,4,many,0.0,0.0
18,0,16,0.0,0.0
18,4,0,1.0,0.0
18,16,2,1.0,1.0
18,2,0,1.0,1.0
18,2,68,0.0,1.0
18,16,0,1.0,1.0
18,0,4,0.0,1.0
18,many,4,1.0,1.0
18,68,16,1.0,1.0
18,many,0,1.0,1.0
18,68,4,1.0,0.0
18,2,4,0.0,1.0
18,16,2,1.0,1.0
18,4,16,0.0,1.0
18,68,0,1.0,1.0
18,16,many,0.0,1.0
18,many,68,1.0,1.0
18,2,many,0.0,0.0
18,2,16,0.0,0.0
18,0,many,0.0,0.0
18,68,many,0.0,1.0
18,many,2,1.0,1.0
18,4,0,1.0,1.0
18,68,2,1.0,1.0
18,4,2,1.0,1.0
18,16,0,1.0,1.0
18,2,0,1.0,0.0
18,68,0,1.0,0.0
18,4,many,0.0,0.0
18,16,many,0.0,0.0
18,68,4,1.0,0.0
18,16,4,1.0,0.0
18,68,16,1.0,1.0
18,many,2,1.0,0.0
18,68,many,0.0,1.0
18,4,0,1.0,0.0
18,16,many,0.0,1.0
18,2,16,0.0,1.0
18,16,4,1.0,1.0
18,many,0,1.0,0.0
18,16,0,1.0,0.0
18,68,0,1.0,1.0
18,68,4,1.0,1.0
18,0,2,0.0,1.0
18,4,many,0.0,1.0
18,4,2,1.0,1.0
18,2,68,0.0,0.0
18,68,16,1.0,1.0
18,16,0,1.0,1.0
18,0,2,0.0,1.0
18,68,0,1.0,1.0
18,16,many,0.0,1.0
18,16,2,1.0,1.0
18,many,68,1.0,1.0
18,16,4,1.0,1.0
18,2,many,0.0,0.0
18,0,4,0.0,0.0
18,many,0,1.0,0.0
18,68,2,1.0,0.0
18,2,4,0.0,0.0
18,16,68,0.0,1.0
18,4,many,0.0,1.0
18,68,4,1.0,1.0
18,many,4,1.0,0.0
18,many,2,1.0,1.0
18,many,0,1.0,1.0
18,4,68,0.0,1.0
18,2,16,0.0,1.0
18,many,16,1.0,0.0
18,4,0,1.0,0.0
18,68,2,1.0,0.0
18,16,0,1.0,0.0
18,68,many,0.0,0.0
18,4,2,1.0,0.0
18,0,68,0.0,0.0
18,16,68,0.0,0.0
18,0,2,0.0,1.0
18,4,16,0.0,1.0
18,16,2,1.0,1.0
18,0,68,0.0,0.0
18,2,0,1.0,0.0
18,2,68,0.0,0.0
18,many,0,1.0,1.0
18,2,4,0.0,1.0
18,16,68,0.0,1.0
18,4,68,0.0,1.0
18,0,4,0.0,0.0
18,many,2,1.0,0.0
18,many,4,1.0,0.0
18,16,many,0.0,0.0
18,68,many,0.0,1.0
18,4,16,0.0,1.0
18,16,0,1.0,1.0
18,0,2,0.0,1.0
18,68,2,1.0,1.0
18,2,many,0.0,0.0
18,16,many,0.0,0.0
18,4,2,1.0,0.0
18,many,68,1.0,0.0
18,4,16,0.0,0.0
18,4,many,0.0,0.0
18,0,many,0.0,1.0
18,68,0,1.0,1.0
18,2,16,0.0,1.0
18,0,16,0.0,1.0
18,4,0,1.0,1.0
18,16,68,0.0,1.0
18,4,68,0.0,1.0
18,2,68,0.0,1.0
18,many,2,1.0,1.0
18,0,many,0.0,1.0
18,16,2,1.0,1.0
18,68,4,1.0,0.0
18,2,0,1.0,0.0
18,16,many,0.0,0.0
18,many,4,1.0,0.0
18,16,4,1.0,0.0
18,4,2,1.0,0.0
18,0,4,0.0,0.0
18,many,68,1.0,0.0
18,68,0,1.0,0.0
18,16,0,1.0,0.0
18,16,68,0.0,0.0
19,2,0,1.0,1.0
19,4,68,0.0,0.0
19,many,16,1.0,1.0
19,4,2,1.0,1.0
19,4,16,0.0,0.0
19,68,2,1.0,1.0
19,many,2,1.0,0.0
19,many,0,1.0,1.0
19,0,16,0.0,0.0
19,4,many,0.0,0.0
19,68,many,0.0,0.0
19,0,4,0.0,0.0
19,68,0,1.0,1.0
19,16,2,1.0,1.0
19,16,68,0.0,1.0
19,0,many,0.0,0.0
19,68,2,1.0,1.0
19,4,16,0.0,0.0
19,2,16,0.0,1.0
19,many,2,1.0,1.0
19,4,2,1.0,1.0
19,68,many,0.0,0.0
19,many,16,1.0,1.0
19,0,4,0.0,0.0
19,many,4,1.0,1.0
19,68,16,1.0,1.0
19,2,0,1.0,1.0
19,68,0,1.0,1.0
19,68,4,1.0,1.0
19,16,0,1.0,1.0
19,4,0,1.0,1.0
19,2,0,1.0,1.0
19,many,2,1.0,1.0
19,many,16,1.0,1.0
19,4,2,1.0,1.0
19,many,68,1.0,1.0
19,4,16,0.0,0.0
19,68,2,1.0,0.0
19,68,4,1.0,0.0
19,0,16,0.0,0.0
19,4,many,0.0,0.0
19,16,2,1.0,0.0
19,0,68,0.0,0.0
19,0,many,0.0,0.0
19,16,68,0.0,1.0
19,2,16,0.0,0.0
19,68,16,1.0,0.0
19,many,2,1.0,1.0
19,many,0,1.0,1.0
19,many,4,1.0,1.0
19,2,0,1.0,1.0
19,2,4,0.0,0.0
19,many,16,1.0,0.0
19,0,16,0.0,0.0
19,16,4,1.0,1.0
19,4,0,1.0,0.0
19,0,68,0.0,0.0
19,2,68,0.0,0.0
19,68,many,0.0,1.0
19,4,68,0.0,0.0
19,many,4,1.0,1.0
19,0,4,0.0,0.0
19,4,16,0.0,1.0
19,68,16,1.0,1.0
19,many,0,1.0,1.0
19,4,2,1.0,0.0
19,2,16,0.0,0.0
19,16,0,1.0,1.0
19,68,many,0.0,1.0
19,68,0,1.0,1.0
19,0,2,0.0,0.0
19,16,many,0.0,0.0
19,68,4,1.0,1.0
19,many,2,1.0,0.0
19,68,2,1.0,1.0
19,4,68,0.0,0.0
19,16,4,1.0,1.0
19,0,many,0.0,0.0
19,0,16,0.0,0.0
19,2,68,0.0,0.0
19,68,many,0.0,1.0
19,0,4,0.0,0.0
19,16,many,0.0,0.0
19,4,2,1.0,1.0
19,2,0,1.0,1.0
19,16,2,1.0,0.0
19,2,many,0.0,0.0
19,16,68,0.0,0.0
19,68,0,1.0,1.0
19,4,many,0.0,0.0
19,68,0,1.0,1.0
19,4,0,1.0,1.0
19,68,many,0.0,0.0
19,0,many,0.0,0.0
19,16,0,1.0,1.0
19,16,68,0.0,0.0
19,16,many,0.0,0.0
19,4,68,0.0,0.0
19,2,0,1.0,1.0
19,2,many,0.0,0.0
19,2,68,0.0,0.0
19,2,16,0.0,0.0
19,4,2,1.0,0.0
19,16,4,1.0,1.0
19,many,4,1.0,1.0
19,many,2,1.0,1.0
19,68,0,1.0,1.0
19,0,16,0.0,0.0
19,4,many,0.0,0.0
19,68,many,0.0,0.0
19,4,16,0.0,0.0
19,4,2,1.0,0.0
19,4,0,1.0,1.0
19,many,16,1.0,0.0
19,68,4,1.0,1.0
19,0,many,0.0,0.0
19,16,68,0.0,1.0
19,16,2,1.0,1.0
19,2,68,0.0,0.0
19,2,0,1.0,1.0
19,16,68,0.0,0.0
19,0,2,0.0,0.0
19,4,many,0.0,0.0
19,68,many,0.0,0.0
19,2,16,0.0,0.0
19,68,0,1.0,0.0
19,68,4,1.0,1.0
19,4,16,0.0,1.0
19,2,many,0.0,0.0
19,2,4,0.0,0.0
19,68,2,1.0,1.0
19,0,4,0.0,0.0
19,16,many,0.0,1.0
19,0,many,0.0,0.0
19,0,16,0.0,0.0
19,68,many,0.0,0.0
19,2,4,0.0,1.0
19,68,4,1.0,1.0
19,4,0,1.0,1.0
19,16,68,0.0,0.0
19,16,2,1.0,1.0
19,68,0,1.0,1.0
19,2,0,1.0,1.0
19,many,16,1.0,1.0
19,0,many,0.0,0.0
19,68,2,1.0,1.0
19,16,4,1.0,0.0
19,16,0,1.0,1.0
19,many,2,1.0,1.0
19,many,4,1.0,1.0
20,16,many,0.0,0.0
20,68,many,0.0,1.0
20,68,0,1.0,1.0
20,2,many,0.0,0.0
20,68,2,1.0,0.0
20,16,0,1.0,1.0
20,2,0,1.0,1.0
20,many,0,1.0,1.0
20,2,16,0.0,1.0
20,16,68,0.0,0.0
20,4,many,0.0,0.0
20,68,4,1.0,1.0
20,4,2,1.0,1.0
20,4,0,1.0,1.0
20,16,4,1.0,1.0
20,4,many,0.0,0.0
20,4,68,0.0,1.0
20,2,many,0.0,0.0
20,16,many,0.0,0.0
20,2,0,1.0,1.0
20,68,many,0.0,0.0
20,0,many,0.0,0.0
20,2,68,0.0,0.0
20,0,16,0.0,0.0
20,0,68,0.0,0.0
20,0,4,0.0,0.0
20,16,4,1.0,1.0
20,2,16,0.0,0.0
20,68,16,1.0,1.0
20,4,2,1.0,1.0
20,many,16,1.0,1.0
20,2,0,1.0,1.0
20,0,68,0.0,0.0
20,2,68,0.0,1.0
20,2,many,0.0,0.0
20,4,68,0.0,1.0
20,2,16,0.0,1.0
20,68,many,0.0,1.0
20,4,0,1.0,1.0
20,4,many,0.0,0.0
20,0,many,0.0,0.0
20,4,2,1.0,1.0
20,0,16,0.0,0.0
20,16,68,0.0,0.0
20,16,4,1.0,0.0
20,2,0,1.0,1.0
20,0,68,0.0,0.0
20,16,4,1.0,1.0
20,2,68,0.0,0.0
20,0,many,0.0,0.0
20,2,many,0.0,0.0
20,68,many,0.0,0.0
20,2,4,0.0,0.0
20,16,2,1.0,0.0
20,4,68,0.0,1.0
20,16,many,0.0,0.0
20,16,68,0.0,0.0
20,0,4,0.0,0.0
20,4,many,0.0,0.0
20,0,16,0.0,0.0
20,2,0,1.0,1.0
20,16,many,0.0,0.0
20,2,4,0.0,1.0
20,16,0,1.0,1.0
20,many,68,1.0,1.0
20,many,2,1.0,1.0
20,many,0,1.0,1.0
20,4,many,0.0,0.0
20,2,68,0.0,0.0
20,16,2,1.0,1.0
20,4,16,0.0,0.0
20,4,68,0.0,0.0
20,68,0,1.0,1.0
20,0,4,0.0,0.0
20,16,68,0.0,1.0
20,4,16,0.0,0.0
20,68,4,1.0,0.0
20,4,many,0.0,1.0
20,0,2,0.0,0.0
20,0,4,0.0,0.0
20,many,2,1.0,1.0
20,68,2,1.0,1.0
20,2,16,0.0,0.0
20,16,many,0.0,0.0
20,68,16,1.0,0.0
20,68,0,1.0,1.0
20,2,4,0.0,0.0
20,68,many,0.0,0.0
20,16,0,1.0,1.0
20,many,0,1.0,1.0
20,4,2,1.0,1.0
20,68,16,1.0,1.0
20,many,4,1.0,1.0
20,68,0,1.0,1.0
20,0,4,0.0,0.0
20,0,16,0.0,0.0
20,68,many,0.0,0.0
20,68,4,1.0,0.0
20,0,2,0.0,0.0
20,many,0,1.0,1.0
20,2,16,0.0,0.0
20,16,many,0.0,0.0
20,68,2,1.0,1.0
20,many,2,1.0,1.0
20,4,16,0.0,0.0
20,0,68,0.0,0.0
20,many,0,1.0,1.0
20,2,4,0.0,1.0
20,16,many,0.0,0.0
20,16,2,1.0,1.0
20,4,68,0.0,0.0
20,2,0,1.0,1.0
20,68,many,0.0,0.0
20,many,4,1.0,1.0
20,4,0,1.0,1.0
20,16,4,1.0,1.0
20,2,68,0.0,0.0
20,2,many,0.0,0.0
20,16,68,0.0,0.0
20,0,16,0.0,0.0
20,0,68,0.0,0.0
20,68,2,1.0,1.0
20,16,2,1.0,1.0
20,4,2,1.0,1.0
20,16,many,0.0,0.0
20,4,68,0.0,0.0
20,0,many,0.0,0.0
20,4,16,0.0,0.0
20,0,2,0.0,0.0
20,4,many,0.0,0.0
20,2,many,0.0,1.0
20,4,0,1.0,1.0
20,68,many,0.0,0.0
20,0,16,0.0,0.0
20,68,16,1.0,0.0
20,2,4,0.0,0.0
20,4,0,1.0,1.0
20,68,many,0.0,0.0
20,68,2,1.0,1.0
20,many,0,1.0,1.0
20,2,0,1.0,0.0
20,0,68,0.0,0.0
20,many,2,1.0,0.0
20,16,many,0.0,0.0
20,16,2,1.0,1.0
20,4,16,0.0,0.0
20,many,4,1.0,1.0
20,68,4,1.0,0.0
20,16,0,1.0,1.0
20,16,68,0.0,0.0
21,16,0,1.0,1.0
21,0,2,0.0,0.0
21,68,0,1.0,1.0
21,16,many,0.0,0.0
21,16,2,1.0,1.0
21,many,68,1.0,1.0
21,16,4,1.0,1.0
21,2,many,0.0,0.0
21,0,4,0.0,0.0
21,many,0,1.0,1.0
21,68,2,1.0,1.0
21,2,4,0.0,0.0
21,16,68,0.0,0.0
21,4,many,0.0,0.0
21,68,4,1.0,1.0
21,many,4,1.0,1.0
21,many,2,1.0,1.0
21,many,0,1.0,1.0
21,4,68,0.0,0.0
21,2,16,0.0,0.0
21,many,16,1.0,1.0
21,4,0,1.0,1.0
21,68,2,1.0,1.0
21,16,0,1.0,1.0
21,68,many,0.0,0.0
21,4,2,1.0,1.0
21,0,68,0.0,0.0
21,16,68,0.0,0.0
21,0,2,0.0,0.0
21,4,16,0.0,0.0
21,16,2,1.0,1.0
21,0,68,0.0,0.0
21,2,0,1.0,1.0
21,2,68,0.0,1.0
21,many,0,1.0,1.0
21,2,4,0.0,0.0
21,16,68,0.0,0.0
21,4,68,0.0,0.0
21,0,4,0.0,0.0
21,many,2,1.0,1.0
21,many,4,1.0,1.0
21,16,many,0.0,0.0
21,68,many,0.0,0.0
21,4,16,0.0,0.0
21,16,0,1.0,1.0
21,0,2,0.0,0.0
21,68,2,1.0,1.0
21,2,many,0.0,0.0
21,16,many,0.0,0.0
21,4,2,1.0,1.0
21,many,68,1.0,1.0
21,4,16,0.0,0.0
21,4,many,0.0,0.0
21,0,many,0.0,0.0
21,68,0,1.0,1.0
21,2,16,0.0,0.0
21,0,16,0.0,0.0
21,4,0,1.0,1.0
21,16,68,0.0,0.0
21,4,68,0.0,0.0
21,2,68,0.0,0.0
21,many,2,1.0,1.0
21,0,many,0.0,0.0
21,16,2,1.0,1.0
21,68,4,1.0,1.0
21,2,0,1.0,1.0
21,16,many,0.0,0.0
21,many,4,1.0,1.0
21,16,4,1.0,0.0
21,4,2,1.0,1.0
21,0,4,0.0,0.0
21,many,68,1.0,1.0
21,68,0,1.0,1.0
21,16,0,1.0,1.0
21,16,68,0.0,0.0
21,many,2,1.0,1.0
21,4,68,0.0,1.0
21,many,16,1.0,1.0
21,4,2,1.0,1.0
21,many,4,1.0,1.0
21,many,0,1.0,1.0
21,0,2,0.0,0.0
21,0,68,0.0,0.0
21,16,0,1.0,1.0
21,68,16,1.0,1.0
21,0,4,0.0,0.0
21,2,68,0.0,0.0
21,16,2,1.0,1.0
21,68,many,0.0,0.0
21,4,16,0.0,0.0
21,2,68,0.0,0.0
21,4,2,1.0,1.0
21,0,68,0.0,0.0
21,0,many,0.0,0.0
21,68,many,0.0,0.0
21,16,4,1.0,1.0
21,0,2,0.0,0.0
21,many,2,1.0,1.0
21,16,68,0.0,0.0
21,4,68,0.0,0.0
21,16,many,0.0,0.0
21,4,many,0.0,0.0
21,0,16,0.0,0.0
21,4,0,1.0,1.0
21,16,2,1.0,0.0
21,2,0,1.0,1.0
21,2,68,0.0,0.0
21,16,0,1.0,1.0
21,0,4,0.0,0.0
21,many,4,1.0,1.0
21,68,16,1.0,0.0
21,many,0,1.0,1.0
21,68,4,1.0,1.0
21,2,4,0.0,0.0
21,16,2,1.0,1.0
21,4,16,0.0,0.0
21,68,0,1.0,1.0
21,16,many,0.0,0.0
21,many,68,1.0,0.0
21,2,many,0.0,0.0
21,2,16,0.0,0.0
21,0,many,0.0,0.0
21,68,many,0.0,0.0
21,many,2,1.0,1.0
21,4,0,1.0,1.0
21,68,2,1.0,1.0
21,4,2,1.0,0.0
21,16,0,1.0,1.0
21,2,0,1.0,1.0
21,68,0,1.0,1.0
21,4,many,0.0,0.0
21,16,many,0.0,0.0
21,68,4,1.0,1.0
21,16,4,1.0,1.0
21,68,16,1.0,1.0
21,many,2,1.0,1.0
21,68,many,0.0,0.0
21,4,0,1.0,1.0
21,16,many,0.0,0.0
21,2,16,0.0,0.0
21,16,4,1.0,1.0
21,many,0,1.0,1.0
21,16,0,1.0,1.0
21,68,0,1.0,1.0
21,68,4,1.0,1.0
21,0,2,0.0,0.0
21,4,many,0.0,0.0
21,4,2,1.0,0.0
21,2,68,0.0,0.0
21,68,16,1.0,1.0
24,4,0,1.0,0.0
24,68,2,1.0,1.0
24,0,2,0.0,0.0
24,16,68,0.0,1.0
24,16,many,0.0,0.0
24,many,68,1.0,1.0
24,4,many,0.0,1.0
24,16,2,1.0,0.0
24,0,16,0.0,1.0
24,4,68,0.0,0.0
24,16,4,1.0,1.0
24,many,2,1.0,0.0
24,2,4,0.0,0.0
24,0,68,0.0,0.0
24,many,0,1.0,1.0
24,2,0,1.0,0.0
24,68,0,1.0,1.0
24,many,16,1.0,0.0
24,0,many,0.0,1.0
24,68,2,1.0,0.0
24,2,many,0.0,1.0
24,68,many,0.0,0.0
24,68,4,1.0,1.0
24,4,0,1.0,1.0
24,16,2,1.0,1.0
24,2,4,0.0,1.0
24,16,68,0.0,1.0
24,4,many,0.0,1.0
24,16,0,1.0,0.0
24,16,4,1.0,0.0
24,2,0,1.0,1.0
24,0,many,0.0,1.0
24,many,4,1.0,1.0
24,many,68,1.0,0.0
24,0,16,0.0,1.0
24,2,16,0.0,1.0
24,many,16,1.0,1.0
24,68,0,1.0,0.0
24,4,16,0.0,1.0
24,4,68,0.0,0.0
24,many,2,1.0,1.0
24,16,68,0.0,1.0
24,4,0,1.0,1.0
24,68,2,1.0,0.0
24,4,2,1.0,1.0
24,0,2,0.0,0.0
24,68,2,1.0,1.0
24,0,68,0.0,1.0
24,16,many,0.0,1.0
24,16,68,0.0,0.0
24,0,many,0.0,1.0
24,4,0,1.0,0.0
24,many,2,1.0,1.0
24,4,16,0.0,0.0
24,many,4,1.0,1.0
24,16,2,1.0,0.0
24,many,68,1.0,1.0
24,16,0,1.0,1.0
24,4,2,1.0,0.0
24,4,68,0.0,1.0
24,2,many,0.0,1.0
24,4,16,0.0,1.0
24,4,many,0.0,1.0
24,many,16,1.0,1.0
24,0,4,0.0,1.0
24,0,many,0.0,1.0
24,16,68,0.0,1.0
24,many,68,1.0,1.0
24,16,0,1.0,0.0
24,2,0,1.0,1.0
24,68,2,1.0,1.0
24,4,2,1.0,1.0
24,4,68,0.0,1.0
24,68,0,1.0,0.0
24,2,16,0.0,1.0
24,0,2,0.0,0.0
24,many,2,1.0,1.0
24,68,0,1.0,0.0
24,16,4,1.0,1.0
24,2,68,0.0,0.0
24,4,2,1.0,1.0
24,16,2,1.0,0.0
24,16,68,0.0,0.0
24,16,many,0.0,1.0
24,68,4,1.0,0.0
24,many,4,1.0,1.0
24,many,68,1.0,0.0
24,0,4,0.0,0.0
24,16,0,1.0,0.0
24,0,many,0.0,1.0
24,16,68,0.0,0.0
24,0,2,0.0,1.0
24,16,2,1.0,0.0
24,2,many,0.0,1.0
24,0,many,0.0,0.0
24,4,68,0.0,1.0
24,many,4,1.0,0.0
24,68,0,1.0,1.0
24,0,4,0.0,0.0
24,2,4,0.0,1.0
24,68,2,1.0,0.0
24,4,16,0.0,1.0
24,68,many,0.0,0.0
24,16,0,1.0,1.0
24,many,16,1.0,0.0
24,68,many,0.0,1.0
24,0,4,0.0,0.0
24,4,2,1.0,1.0
24,many,4,1.0,0.0
24,2,many,0.0,1.0
24,16,68,0.0,0.0
24,16,many,0.0,1.0
24,0,16,0.0,0.0
24,0,68,0.0,0.0
24,16,4,1.0,1.0
24,many,0,1.0,1.0
24,2,16,0.0,0.0
24,2,0,1.0,1.0
24,68,4,1.0,0.0
24,2,68,0.0,1.0
24,2,68,0.0,0.0
24,0,4,0.0,0.0
24,68,many,0.0,1.0
24,many,2,1.0,1.0
24,4,68,0.0,0.0
24,4,many,0.0,1.0
24,2,16,0.0,0.0
24,2,0,1.0,1.0
24,68,0,1.0,1.0
24,0,many,0.0,1.0
24,4,2,1.0,1.0
24,4,16,0.0,0.0
24,16,0,1.0,1.0
24,16,many,0.0,0.0
24,68,16,1.0,1.0
24,2,many,0.0,0.0
24,2,68,0.0,1.0
24,2,0,1.0,1.0
24,16,2,1.0,1.0
24,many,4,1.0,0.0
24,0,16,0.0,1.0
24,4,2,1.0,0.0
24,16,many,0.0,1.0
24,0,4,0.0,0.0
24,4,68,0.0,1.0
24,0,68,0.0,0.0
24,many,68,1.0,1.0
24,16,4,1.0,1.0
24,16,68,0.0,0.0
24,many,0,1.0,1.0
26,2,16,0.0,0.0
26,many,0,1.0,1.0
26,16,many,0.0,1.0
26,68,0,1.0,1.0
26,4,2,1.0,1.0
26,0,4,0.0,0.0
26,0,16,0.0,0.0
26,68,2,1.0,1.0
26,4,16,0.0,1.0
26,many,68,1.0,0.0
26,many,4,1.0,1.0
26,2,0,1.0,1.0
26,2,many,0.0,0.0
26,16,68,0.0,0.0
26,68,4,1.0,1.0
26,16,2,1.0,0.0
26,68,many,0.0,0.0
26,0,2,0.0,0.0
26,many,16,1.0,1.0
26,4,0,1.0,0.0
26,many,4,1.0,1.0
26,68,16,1.0,0.0
26,4,2,1.0,1.0
26,4,68,0.0,0.0
26,2,68,0.0,1.0
26,2,many,0.0,0.0
26,0,many,0.0,0.0
26,0,16,0.0,0.0
26,16,4,1.0,0.0
26,0,68,0.0,0.0
26,many,4,1.0,1.0
26,0,68,0.0,0.0
26,0,16,0.0,0.0
26,16,2,1.0,1.0
26,2,many,0.0,0.0
26,2,68,0.0,1.0
26,16,many,0.0,0.0
26,4,0,1.0,1.0
26,16,68,0.0,0.0
26,16,4,1.0,1.0
26,4,2,1.0,1.0
26,0,many,0.0,0.0
26,2,0,1.0,1.0
26,68,many,0.0,0.0
26,4,68,0.0,0.0
26,16,many,0.0,1.0
26,4,2,1.0,0.0
26,16,2,1.0,0.0
26,16,0,1.0,1.0
26,0,4,0.0,0.0
26,2,68,0.0,0.0
26,many,2,1.0,1.0
26,16,68,0.0,1.0
26,4,many,0.0,0.0
26,16,4,1.0,1.0
26,0,many,0.0,0.0
26,0,68,0.0,0.0
26,68,many,0.0,0.0
26,0,2,0.0,0.0
26,68,4,1.0,1.0
26,16,many,0.0,1.0
26,16,0,1.0,1.0
26,2,4,0.0,0.0
26,0,2,0.0,0.0
26,68,4,1.0,0.0
26,0,many,0.0,0.0
26,2,68,0.0,0.0
26,2,16,0.0,0.0
26,68,16,1.0,0.0
26,4,0,1.0,1.0
26,0,68,0.0,0.0
26,4,many,0.0,1.0
26,16,4,1.0,1.0
26,many,2,1.0,1.0
26,68,many,0.0,0.0
26,2,many,0.0,0.0
26,2,4,0.0,1.0
26,68,0,1.0,1.0
26,0,16,0.0,0.0
26,0,many,0.0,0.0
26,many,4,1.0,1.0
26,16,68,0.0,0.0
26,4,0,1.0,1.0
26,16,many,0.0,0.0
26,68,2,1.0,1.0
26,4,16,0.0,0.0
26,many,68,1.0,0.0
26,0,2,0.0,0.0
26,16,2,1.0,1.0
26,68,4,1.0,1.0
26,16,many,0.0,0.0
26,many,68,1.0,1.0
26,many,2,1.0,1.0
26,16,2,1.0,0.0
26,many,4,1.0,1.0
26,68,2,1.0,1.0
26,0,2,0.0,0.0
26,68,4,1.0,0.0
26,many,0,1.0,1.0
26,0,68,0.0,0.0
26,16,0,1.0,1.0
26,4,16,0.0,1.0
26,4,2,1.0,0.0
26,68,16,1.0,1.0
26,0,4,0.0,0.0
26,0,2,0.0,0.0
26,many,0,1.0,1.0
26,many,4,1.0,1.0
26,many,2,1.0,1.0
26,2,4,0.0,1.0
26,68,many,0.0,0.0
26,many,16,1.0,1.0
26,68,2,1.0,0.0
26,16,2,1.0,0.0
26,4,0,1.0,1.0
26,68,0,1.0,1.0
26,16,0,1.0,1.0
26,16,4,1.0,0.0
26,68,16,1.0,1.0
26,4,68,0.0,1.0
26,68,2,1.0,1.0
26,0,4,0.0,0.0
26,16,4,1.0,1.0
26,many,68,1.0,1.0
26,many,4,1.0,1.0
26,many,0,1.0,1.0
26,many,16,1.0,1.0
26,0,2,0.0,0.0
26,16,68,0.0,1.0
26,4,68,0.0,0.0
26,many,2,1.0,1.0
26,2,16,0.0,1.0
26,0,68,0.0,0.0
26,0,16,0.0,0.0
26,2,4,0.0,1.0
26,0,68,0.0,0.0
26,4,0,1.0,1.0
26,68,4,1.0,0.0
26,2,0,1.0,1.0
26,4,16,0.0,1.0
26,2,many,0.0,1.0
26,many,0,1.0,1.0
26,many,4,1.0,1.0
26,16,68,0.0,1.0
26,68,many,0.0,0.0
26,2,68,0.0,0.0
26,2,16,0.0,0.0
26,2,4,0.0,0.0
26,16,many,0.0,0.0
26,16,0,1.0,1.0
27,many,2,1.0,1.0
27,0,2,0.0,0.0
27,16,68,0.0,0.0
27,0,many,0.0,0.0
27,4,68,0.0,1.0
27,many,4,1.0,0.0
27,16,many,0.0,1.0
27,16,0,1.0,1.0
27,2,16,0.0,0.0
27,68,2,1.0,0.0
27,4,16,0.0,1.0
27,68,0,1.0,1.0
27,2,4,0.0,0.0
27,68,many,0.0,1.0
27,0,4,0.0,0.0
27,68,0,1.0,1.0
27,4,2,1.0,0.0
27,4,many,0.0,0.0
27,many,2,1.0,1.0
27,0,2,0.0,0.0
27,4,16,0.0,0.0
27,16,68,0.0,1.0
27,4,0,1.0,1.0
27,2,68,0.0,0.0
27,many,16,1.0,1.0
27,68,4,1.0,1.0
27,68,many,0.0,1.0
27,0,16,0.0,0.0
27,16,2,1.0,0.0
27,many,0,1.0,1.0
27,68,0,1.0,1.0
27,16,4,1.0,1.0
27,many,68,1.0,0.0
27,16,many,0.0,0.0
27,many,2,1.0,1.0
27,4,many,0.0,0.0
27,2,0,1.0,1.0
27,0,16,0.0,0.0
27,68,4,1.0,1.0
27,16,68,0.0,0.0
27,4,2,1.0,1.0
27,4,0,1.0,1.0
27,0,many,0.0,0.0
27,2,68,0.0,0.0
27,16,2,1.0,0.0
27,many,2,1.0,1.0
27,0,many,0.0,0.0
27,2,68,0.0,0.0
27,0,2,0.0,0.0
27,0,4,0.0,0.0
27,68,many,0.0,1.0
27,2,16,0.0,0.0
27,16,many,0.0,0.0
27,many,4,1.0,1.0
27,2,4,0.0,0.0
27,4,68,0.0,1.0
27,16,4,1.0,1.0
27,16,0,1.0,1.0
27,0,68,0.0,0.0
27,68,16,1.0,1.0
27,2,0,1.0,0.0
27,many,68,1.0,1.0
27,many,0,1.0,1.0
27,4,0,1.0,1.0
27,0,16,0.0,0.0
27,4,68,0.0,0.0
27,68,0,1.0,1.0
27,2,many,0.0,0.0
27,16,68,0.0,0.0
27,16,4,1.0,1.0
27,many,16,1.0,0.0
27,2,4,0.0,1.0
27,many,4,1.0,1.0
27,2,16,0.0,0.0
27,2,68,0.0,0.0
27,68,many,0.0,1.0
27,many,16,1.0,1.0
27,0,2,0.0,0.0
27,many,0,1.0,1.0
27,68,4,1.0,1.0
27,0,68,0.0,0.0
27,4,2,1.0,1.0
27,68,16,1.0,0.0
27,2,many,0.0,0.0
27,0,4,0.0,0.0
27,many,4,1.0,1.0
27,68,2,1.0,1.0
27,4,16,0.0,0.0
27,16,2,1.0,1.0
27,0,16,0.0,0.0
27,68,2,1.0,1.0
27,68,16,1.0,1.0
27,many,0,1.0,1.0
27,2,0,1.0,1.0
27,2,many,0.0,0.0
27,many,68,1.0,1.0
27,16,many,0.0,0.0
27,4,many,0.0,0.0
27,68,4,1.0,0.0
27,16,0,1.0,1.0
27,0,4,0.0,0.0
27,4,2,1.0,0.0
27,68,0,1.0,1.0
27,16,4,1.0,0.0
27,2,16,0.0,0.0
27,16,4,1.0,0.0
27,4,68,0.0,1.0
27,many,68,1.0,1.0
27,68,0,1.0,1.0
27,2,0,1.0,1.0
27,68,2,1.0,0.0
27,68,16,1.0,1.0
27,many,0,1.0,1.0
27,2,16,0.0,0.0
27,2,many,0.0,0.0
27,4,many,0.0,0.0
27,0,4,0.0,0.0
27,4,2,1.0,0.0
27,16,many,0.0,1.0
27,0,16,0.0,0.0
27,many,68,1.0,1.0
27,many,0,1.0,1.0
27,4,16,0.0,0.0
27,many,16,1.0,1.0
27,4,0,1.0,0.0
27,16,0,1.0,1.0
27,4,2,1.0,1.0
27,2,many,0.0,0.0
27,68,16,1.0,0.0
27,2,0,1.0,1.0
27,many,4,1.0,1.0
27,2,68,0.0,0.0
27,68,4,1.0,1.0
27,16,2,1.0,0.0
27,68,0,1.0,1.0
27,68,16,1.0,1.0
27,many,4,1.0,1.0
27,many,68,1.0,0.0
27,0,16,0.0,0.0
27,4,16,0.0,1.0
27,0,4,0.0,0.0
27,0,many,0.0,0.0
27,many,2,1.0,1.0
27,68,4,1.0,1.0
27,2,0,1.0,1.0
27,68,2,1.0,1.0
27,4,2,1.0,1.0
27,many,16,1.0,1.0
27,16,2,1.0,0.0
27,0,68,0.0,0.0
29,4,0,1.0,1.0
29,2,0,1.0,1.0
29,0,68,0.0,0.0
29,16,0,1.0,1.0
29,4,16,0.0,1.0
29,2,many,0.0,0.0
29,16,2,1.0,1.0
29,0,many,0.0,0.0
29,68,many,0.0,1.0
29,2,68,0.0,0.0
29,many,4,1.0,1.0
29,68,16,1.0,1.0
29,2,4,0.0,0.0
29,16,many,0.0,0.0
29,4,68,0.0,1.0
29,many,2,1.0,1.0
29,16,many,0.0,0.0
29,4,2,1.0,1.0
29,68,many,0.0,0.0
29,4,0,1.0,0.0
29,4,68,0.0,0.0
29,2,0,1.0,1.0
29,16,2,1.0,1.0
29,0,68,0.0,0.0
29,16,4,1.0,1.0
29,68,2,1.0,0.0
29,4,many,0.0,1.0
29,16,68,0.0,0.0
29,0,many,0.0,0.0
29,16,0,1.0,1.0
29,4,2,1.0,0.0
29,4,many,0.0,0.0
29,4,0,1.0,0.0
29,16,2,1.0,1.0
29,16,4,1.0,0.0
29,16,68,0.0,1.0
29,0,2,0.0,0.0
29,68,0,1.0,1.0
29,many,2,1.0,1.0
29,16,many,0.0,0.0
29,many,68,1.0,0.0
29,68,4,1.0,1.0
29,0,16,0.0,0.0
29,68,2,1.0,1.0
29,many,0,1.0,1.0
29,68,2,1.0,1.0
29,68,0,1.0,1.0
29,0,many,0.0,0.0
29,2,16,0.0,0.0
29,2,0,1.0,1.0
29,16,4,1.0,0.0
29,16,0,1.0,1.0
29,68,16,1.0,1.0
29,many,2,1.0,1.0
29,4,68,0.0,0.0
29,2,4,0.0,0.0
29,4,many,0.0,1.0
29,0,4,0.0,0.0
29,many,16,1.0,1.0
29,many,68,1.0,1.0
29,many,0,1.0,1.0
29,2,many,0.0,0.0
29,2,0,1.0,1.0
29,16,many,0.0,0.0
29,4,many,0.0,0.0
29,4,68,0.0,0.0
29,2,4,0.0,1.0
29,0,16,0.0,0.0
29,68,2,1.0,0.0
29,16,68,0.0,1.0
29,0,4,0.0,0.0
29,0,68,0.0,0.0
29,68,many,0.0,0.0
29,4,16,0.0,0.0
29,2,16,0.0,0.0
29,0,2,0.0,0.0
29,16,68,0.0,0.0
29,4,2,1.0,0.0
29,4,0,1.0,1.0
29,4,many,0.0,1.0
29,68,0,1.0,1.0
29,many,2,1.0,1.0
29,2,68,0.0,0.0
29,many,0,1.0,1.0
29,4,68,0.0,0.0
29,16,4,1.0,1.0
29,16,2,1.0,1.0
29,16,0,1.0,1.0
29,many,16,1.0,1.0
29,68,many,0.0,1.0
29,many,2,1.0,1.0
29,16,68,0.0,1.0
29,many,16,1.0,1.0
29,0,many,0.0,0.0
29,68,2,1.0,1.0
29,0,4,0.0,0.0
29,16,2,1.0,1.0
29,0,16,0.0,0.0
29,16,4,1.0,0.0
29,0,2,0.0,0.0
29,4,many,0.0,0.0
29,68,many,0.0,0.0
29,4,2,1.0,0.0
29,0,68,0.0,0.0
29,68,4,1.0,0.0
29,0,2,0.0,0.0
29,68,0,1.0,1.0
29,many,4,1.0,0.0
29,16,68,0.0,1.0
29,many,16,1.0,0.0
29,many,2,1.0,1.0
29,16,4,1.0,0.0
29,16,2,1.0,0.0
29,68,4,1.0,0.0
29,2,68,0.0,0.0
29,2,4,0.0,0.0
29,0,16,0.0,0.0
29,4,0,1.0,1.0
29,many,68,1.0,0.0
29,many,0,1.0,1.0
29,68,2,1.0,1.0
29,4,many,0.0,0.0
29,16,4,1.0,0.0
29,2,0,1.0,1.0
29,16,many,0.0,1.0
29,2,many,0.0,0.0
29,4,68,0.0,0.0
29,0,4,0.0,0.0
29,16,68,0.0,0.0
29,68,many,0.0,0.0
29,0,68,0.0,0.0
29,16,2,1.0,0.0
29,0,many,0.0,0.0
29,2,4,0.0,0.0
29,16,0,1.0,1.0
29,4,16,0.0,0.0
29,16,many,0.0,1.0
29,0,4,0.0,0.0
29,many,4,1.0,1.0
29,many,2,1.0,1.0
29,0,many,0.0,0.0
29,many,68,1.0,1.0
29,0,16,0.0,0.0
29,68,0,1.0,1.0
29,16,68,0.0,1.0
29,68,2,1.0,1.0
29,4,68,0.0,0.0
29,2,0,1.0,1.0
29,2,4,0.0,1.0
29,2,16,0.0,0.0
30,4,16,0.0,1.0
30,many,0,1.0,0.0
30,4,2,1.0,0.0
30,many,16,1.0,0.0
30,4,68,0.0,0.0
30,2,many,0.0,0.0
30,many,4,1.0,1.0
30,0,2,0.0,1.0
30,0,68,0.0,1.0
30,16,2,1.0,0.0
30,68,2,1.0,0.0
30,68,many,0.0,0.0
30,0,16,0.0,1.0
30,0,4,0.0,1.0
30,68,16,1.0,0.0
30,0,4,0.0,1.0
30,68,16,1.0,1.0
30,0,68,0.0,0.0
30,many,16,1.0,1.0
30,4,68,0.0,1.0
30,16,4,1.0,0.0
30,many,4,1.0,1.0
30,2,16,0.0,0.0
30,68,many,0.0,0.0
30,2,many,0.0,1.0
30,0,2,0.0,1.0
30,4,2,1.0,0.0
30,16,0,1.0,0.0
30,many,0,1.0,0.0
30,68,2,1.0,1.0
30,16,2,1.0,1.0
30,4,2,1.0,1.0
30,2,0,1.0,0.0
30,68,16,1.0,1.0
30,4,68,0.0,0.0
30,16,0,1.0,0.0
30,16,many,0.0,0.0
30,4,many,0.0,0.0
30,4,16,0.0,1.0
30,many,68,1.0,0.0
30,many,0,1.0,1.0
30,many,2,1.0,1.0
30,68,0,1.0,1.0
30,0,4,0.0,0.0
30,68,2,1.0,1.0
30,16,many,0.0,0.0
30,2,16,0.0,0.0
30,4,0,1.0,1.0
30,68,4,1.0,1.0
30,many,4,1.0,0.0
30,16,4,1.0,0.0
30,2,4,0.0,1.0
30,0,16,0.0,0.0
30,many,2,1.0,1.0
30,68,0,1.0,1.0
30,0,many,0.0,0.0
30,16,68,0.0,0.0
30,2,68,0.0,1.0
30,0,2,0.0,0.0
30,many,68,1.0,0.0
30,2,many,0.0,0.0
30,16,0,1.0,1.0
30,4,2,1.0,1.0
30,many,16,1.0,1.0
30,0,many,0.0,0.0
30,4,0,1.0,1.0
30,4,16,0.0,1.0
30,many,4,1.0,1.0
30,0,2,0.0,0.0
30,16,2,1.0,1.0
30,0,68,0.0,0.0
30,68,4,1.0,1.0
30,68,2,1.0,1.0
30,68,16,1.0,1.0
30,many,68,1.0,1.0
30,2,many,0.0,0.0
30,0,4,0.0,0.0
30,16,2,1.0,0.0
30,many,68,1.0,1.0
30,16,many,0.0,1.0
30,2,4,0.0,0.0
30,4,many,0.0,0.0
30,0,68,0.0,0.0
30,0,many,0.0,0.0
30,68,4,1.0,1.0
30,0,2,0.0,0.0
30,68,16,1.0,0.0
30,2,68,0.0,0.0
30,16,4,1.0,0.0
30,16,0,1.0,0.0
30,0,68,0.0,0.0
30,2,4,0.0,1.0
30,68,16,1.0,1.0
30,68,4,1.0,1.0
30,2,68,0.0,0.0
30,16,4,1.0,1.0
30,many,16,1.0,1.0
30,0,2,0.0,0.0
30,2,many,0.0,0.0
30,68,many,0.0,1.0
30,0,many,0.0,0.0
30,4,many,0.0,0.0
30,4,0,1.0,1.0
30,0,16,0.0,0.0
30,2,16,0.0,0.0
30,0,2,0.0,0.0
30,2,4,0.0,0.0
30,2,many,0.0,0.0
30,4,many,0.0,0.0
30,16,4,1.0,0.0
30,16,68,0.0,0.0
30,68,0,1.0,1.0
30,68,4,1.0,1.0
30,0,many,0.0,0.0
30,4,0,1.0,1.0
30,68,2,1.0,0.0
30,16,0,1.0,1.0
30,2,16,0.0,1.0
30,68,many,0.0,0.0
30,many,16,1.0,1.0
30,0,68,0.0,0.0
30,0,16,0.0,0.0
30,0,4,0.0,0.0
30,16,many,0.0,0.0
30,0,2,0.0,0.0
30,68,4,1.0,1.0
30,16,2,1.0,1.0
30,many,0,1.0,1.0
30,many,68,1.0,0.0
30,many,4,1.0,1.0
30,2,4,0.0,0.0
30,many,2,1.0,1.0
30,68,2,1.0,1.0
30,16,68,0.0,1.0
30,16,4,1.0,1.0
30,many,68,1.0,1.0
30,2,4,0.0,0.0
30,2,0,1.0,1.0
30,16,2,1.0,0.0
30,many,0,1.0,1.0
30,0,4,0.0,0.0
30,0,16,0.0,0.0
30,68,0,1.0,1.0
30,2,many,0.0,0.0
30,2,68,0.0,1.0
30,16,68,0.0,0.0
30,many,4,1.0,1.0
30,4,16,0.0,0.0
30,4,68,0.0,0.0
30,many,16,1.0,1.0
31,4,0,1.0,1.0
31,many,68,1.0,1.0
31,2,4,0.0,1.0
31,16,0,1.0,1.0
31,many,4,1.0,0.0
31,68,16,1.0,1.0
31,2,68,0.0,0.0
31,16,2,1.0,1.0
31,68,0,1.0,1.0
31,2,many,0.0,0.0
31,0,2,0.0,0.0
31,4,16,0.0,1.0
31,many,16,1.0,1.0
31,many,0,1.0,1.0
31,4,68,0.0,0.0
31,16,0,1.0,1.0
31,2,4,0.0,0.0
31,2,0,1.0,1.0
31,4,0,1.0,1.0
31,68,4,1.0,1.0
31,many,2,1.0,1.0
31,16,4,1.0,0.0
31,68,16,1.0,1.0
31,many,4,1.0,0.0
31,68,2,1.0,1.0
31,many,0,1.0,1.0
31,0,68,0.0,0.0
31,many,68,1.0,1.0
31,16,2,1.0,1.0
31,16,many,0.0,1.0
31,4,many,0.0,0.0
31,2,4,0.0,1.0
31,many,0,1.0,1.0
31,0,16,0.0,0.0
31,4,0,1.0,1.0
31,4,16,0.0,1.0
31,many,68,1.0,0.0
31,2,many,0.0,0.0
31,many,16,1.0,1.0
31,68,4,1.0,1.0
31,68,2,1.0,1.0
31,0,68,0.0,0.0
31,0,2,0.0,0.0
31,2,16,0.0,1.0
31,16,68,0.0,0.0
31,many,68,1.0,0.0
31,4,2,1.0,1.0
31,0,many,0.0,0.0
31,4,many,0.0,0.0
31,2,0,1.0,1.0
31,0,4,0.0,0.0
31,16,many,0.0,0.0
31,0,16,0.0,0.0
31,68,4,1.0,1.0
31,many,2,1.0,1.0
31,4,16,0.0,0.0
31,68,2,1.0,1.0
31,68,16,1.0,0.0
31,68,0,1.0,1.0
31,16,2,1.0,1.0
31,many,16,1.0,0.0
31,many,0,1.0,1.0
31,4,16,0.0,0.0
31,many,2,1.0,0.0
31,16,2,1.0,1.0
31,16,0,1.0,1.0
31,2,4,0.0,0.0
31,2,0,1.0,1.0
31,2,68,0.0,1.0
31,68,16,1.0,0.0
31,4,0,1.0,1.0
31,many,4,1.0,1.0
31,0,68,0.0,0.0
31,68,4,1.0,0.0
31,many,68,1.0,1.0
31,16,4,1.0,0.0
31,many,4,1.0,1.0
31,2,0,1.0,1.0
31,2,16,0.0,1.0
31,many,0,1.0,1.0
31,2,68,0.0,0.0
31,16,0,1.0,1.0
31,many,68,1.0,0.0
31,16,many,0.0,1.0
31,2,4,0.0,1.0
31,2,many,0.0,1.0
31,0,68,0.0,0.0
31,0,4,0.0,0.0
31,68,16,1.0,1.0
31,4,68,0.0,0.0
31,16,0,1.0,1.0
31,68,0,1.0,1.0
31,4,0,1.0,1.0
31,16,4,1.0,0.0
31,2,many,0.0,1.0
31,2,68,0.0,0.0
31,2,4,0.0,1.0
31,16,68,0.0,0.0
31,many,4,1.0,1.0
31,68,many,0.0,0.0
31,many,0,1.0,1.0
31,16,many,0.0,1.0
31,2,0,1.0,1.0
31,68,4,1.0,0.0
31,16,2,1.0,1.0
31,2,4,0.0,0.0
31,many,16,1.0,1.0
31,16,2,1.0,0.0
31,4,0,1.0,1.0
31,16,4,1.0,0.0
31,68,many,0.0,0.0
31,2,many,0.0,1.0
31,2,0,1.0,1.0
31,0,many,0.0,0.0
31,68,2,1.0,1.0
31,68,0,1.0,1.0
31,0,16,0.0,0.0
31,16,68,0.0,1.0
31,68,4,1.0,1.0
31,many,4,1.0,0.0
31,68,many,0.0,0.0
31,0,2,0.0,1.0
31,68,4,1.0,0.0
31,many,16,1.0,0.0
31,4,0,1.0,1.0
31,68,16,1.0,1.0
31,4,many,0.0,0.0
31,2,many,0.0,0.0
31,16,0,1.0,1.0
31,2,4,0.0,0.0
31,0,many,0.0,0.0
31,2,68,0.0,0.0
31,0,68,0.0,0.0
31,16,2,1.0,1.0
31,16,4,1.0,1.0
31,2,16,0.0,0.0
31,many,2,1.0,0.0
31,16,4,1.0,1.0
31,many,4,1.0,1.0
31,16,many,0.0,0.0
31,4,0,1.0,1.0
31,0,2,0.0,0.0
31,0,16,0.0,0.0
31,68,many,0.0,0.0
31,68,0,1.0,1.0
31,many,0,1.0,1.0
31,2,68,0.0,1.0
31,68,16,1.0,1.0
31,4,2,1.0,0.0
31,4,68,0.0,0.0
33,4,68,0.0,0.0
33,many,0,1.0,1.0
33,16,68,0.0,0.0
33,2,68,0.0,0.0
33,4,16,0.0,1.0
33,0,4,0.0,0.0
33,many,4,1.0,1.0
33,2,0,1.0,1.0
33,many,2,1.0,1.0
33,0,68,0.0,0.0
33,many,68,1.0,1.0
33,16,many,0.0,0.0
33,2,16,0.0,0.0
33,4,2,1.0,1.0
33,0,16,0.0,0.0
33,16,4,1.0,1.0
33,0,many,0.0,0.0
33,16,0,1.0,1.0
33,0,68,0.0,0.0
33,0,2,0.0,0.0
33,68,many,0.0,1.0
33,16,2,1.0,1.0
33,4,0,1.0,1.0
33,many,2,1.0,1.0
33,68,2,1.0,1.0
33,16,68,0.0,0.0
33,2,4,0.0,0.0
33,68,4,1.0,1.0
33,4,many,0.0,0.0
33,many,16,1.0,1.0
33,16,0,1.0,1.0
33,many,2,1.0,1.0
33,2,4,0.0,0.0
33,2,16,0.0,0.0
33,68,0,1.0,1.0
33,68,many,0.0,0.0
33,0,4,0.0,0.0
33,16,4,1.0,1.0
33,2,0,1.0,1.0
33,68,4,1.0,1.0
33,16,many,0.0,0.0
33,many,4,1.0,1.0
33,2,68,0.0,0.0
33,many,0,1.0,1.0
33,68,16,1.0,1.0
33,2,0,1.0,1.0
33,many,68,1.0,1.0
33,16,4,1.0,1.0
33,2,4,0.0,1.0
33,0,68,0.0,0.0
33,16,68,0.0,1.0
33,16,2,1.0,1.0
33,many,0,1.0,1.0
33,4,0,1.0,1.0
33,4,many,0.0,0.0
33,68,4,1.0,0.0
33,0,16,0.0,0.0
33,68,2,1.0,1.0
33,many,16,1.0,1.0
33,2,many,0.0,0.0
33,0,4,0.0,0.0
33,16,68,0.0,0.0
33,many,16,1.0,1.0
33,many,68,1.0,1.0
33,0,2,0.0,0.0
33,16,0,1.0,1.0
33,4,many,0.0,0.0
33,2,68,0.0,0.0
33,4,2,1.0,0.0
33,4,16,0.0,0.0
33,68,4,1.0,1.0
33,0,many,0.0,0.0
33,many,2,1.0,1.0
33,2,16,0.0,0.0
33,68,0,1.0,1.0
33,68,0,1.0,1.0
33,2,0,1.0,1.0
33,0,16,0.0,0.0
33,many,4,1.0,1.0
33,68,16,1.0,1.0
33,many,0,1.0,1.0
33,16,2,1.0,1.0
33,4,2,1.0,1.0
33,many,2,1.0,1.0
33,0,4,0.0,0.0
33,68,many,0.0,0.0
33,68,2,1.0,1.0
33,many,16,1.0,1.0
33,4,68,0.0,1.0
33,16,4,1.0,1.0
33,2,many,0.0,0.0
33,0,4,0.0,0.0
33,4,16,0.0,0.0
33,0,2,0.0,0.0
33,2,4,0.0,1.0
33,16,2,1.0,1.0
33,many,16,1.0,1.0
33,68,0,1.0,1.0
33,many,0,1.0,1.0
33,2,68,0.0,0.0
33,68,many,0.0,0.0
33,4,many,0.0,0.0
33,16,68,0.0,0.0
33,16,0,1.0,1.0
33,4,68,0.0,0.0
33,2,many,0.0,0.0
33,many,4,1.0,1.0
33,many,0,1.0,1.0
33,16,2,1.0,1.0
33,16,many,0.0,0.0
33,68,16,1.0,1.0
33,4,2,1.0,1.0
33,many,68,1.0,1.0
33,68,2,1.0,1.0
33,0,2,0.0,0.0
33,4,16,0.0,1.0
33,0,4,0.0,0.0
33,68,4,1.0,1.0
33,16,0,1.0,1.0
33,0,68,0.0,0.0
33,0,68,0.0,0.0
33,2,4,0.0,0.0
33,68,2,1.0,1.0
33,many,4,1.0,1.0
33,16,0,1.0,1.0
33,0,4,0.0,0.0
33,many,16,1.0,1.0
33,0,2,0.0,0.0
33,0,many,0.0,0.0
33,68,4,1.0,1.0
33,2,16,0.0,0.0
33,4,16,0.0,1.0
33,many,2,1.0,1.0
33,68,16,1.0,1.0
33,68,many,0.0,0.0
33,2,68,0.0,0.0
33,2,many,0.0,0.0
33,4,2,1.0,1.0
33,0,2,0.0,0.0
33,68,many,0.0,0.0
33,68,16,1.0,1.0
33,0,many,0.0,0.0
33,4,many,0.0,0.0
33,68,0,1.0,1.0
33,0,4,0.0,0.0
33,many,16,1.0,1.0
33,68,4,1.0,1.0
33,4,16,0.0,0.0
33,0,16,0.0,0.0
33,2,16,0.0,1.0
34,16,4,1.0,0.0
34,many,4,1.0,1.0
34,2,0,1.0,0.0
34,2,16,0.0,1.0
34,many,0,1.0,1.0
34,2,68,0.0,0.0
34,16,0,1.0,1.0
34,many,68,1.0,1.0
34,16,many,0.0,0.0
34,2,4,0.0,1.0
34,2,many,0.0,0.0
34,0,68,0.0,0.0
34,0,4,0.0,0.0
34,68,16,1.0,1.0
34,4,68,0.0,1.0
34,16,0,1.0,1.0
34,68,0,1.0,1.0
34,4,0,1.0,1.0
34,16,4,1.0,0.0
34,2,many,0.0,1.0
34,2,68,0.0,0.0
34,2,4,0.0,0.0
34,16,68,0.0,0.0
34,many,4,1.0,0.0
34,68,many,0.0,0.0
34,many,0,1.0,1.0
34,16,many,0.0,1.0
34,2,0,1.0,1.0
34,68,4,1.0,1.0
34,16,2,1.0,0.0
34,2,4,0.0,0.0
34,many,16,1.0,0.0
34,16,2,1.0,0.0
34,4,0,1.0,1.0
34,16,4,1.0,0.0
34,68,many,0.0,0.0
34,2,many,0.0,0.0
34,2,0,1.0,1.0
34,0,many,0.0,0.0
34,68,2,1.0,1.0
34,68,0,1.0,1.0
34,0,16,0.0,0.0
34,16,68,0.0,0.0
34,68,4,1.0,1.0
34,many,4,1.0,1.0
34,68,many,0.0,1.0
34,0,2,0.0,0.0
34,68,4,1.0,1.0
34,many,16,1.0,1.0
34,4,0,1.0,1.0
34,68,16,1.0,1.0
34,4,many,0.0,0.0
34,2,many,0.0,0.0
34,16,0,1.0,1.0
34,2,4,0.0,0.0
34,0,many,0.0,0.0
34,2,68,0.0,1.0
34,0,68,0.0,0.0
34,16,2,1.0,1.0
34,16,4,1.0,1.0
34,2,16,0.0,1.0
34,many,2,1.0,0.0
34,16,4,1.0,0.0
34,many,4,1.0,0.0
34,16,many,0.0,0.0
34,4,0,1.0,1.0
34,0,2,0.0,0.0
34,0,16,0.0,1.0
34,68,many,0.0,0.0
34,68,0,1.0,1.0
34,many,0,1.0,1.0
34,2,68,0.0,0.0
34,68,16,1.0,1.0
34,4,2,1.0,1.0
34,4,68,0.0,1.0
34,4,0,1.0,1.0
34,many,68,1.0,1.0
34,2,4,0.0,0.0
34,16,0,1.0,1.0
34,many,4,1.0,1.0
34,68,16,1.0,0.0
34,2,68,0.0,0.0
34,16,2,1.0,0.0
34,68,0,1.0,0.0
34,2,many,0.0,0.0
34,0,2,0.0,0.0
34,4,16,0.0,0.0
34,many,16,1.0,0.0
34,many,0,1.0,1.0
34,4,68,0.0,0.0
34,16,0,1.0,0.0
34,2,4,0.0,0.0
34,2,0,1.0,1.0
34,4,0,1.0,1.0
34,68,4,1.0,1.0
34,many,2,1.0,1.0
34,16,4,1.0,1.0
34,68,16,1.0,1.0
34,many,4,1.0,1.0
34,68,2,1.0,1.0
34,many,0,1.0,1.0
34,0,68,0.0,0.0
34,many,68,1.0,1.0
34,16,2,1.0,1.0
34,16,many,0.0,0.0
34,4,many,0.0,1.0
34,2,4,0.0,1.0
34,many,0,1.0,1.0
34,0,16,0.0,0.0
34,4,0,1.0,1.0
34,4,16,0.0,0.0
34,many,68,1.0,0.0
34,2,many,0.0,1.0
34,many,16,1.0,1.0
34,68,4,1.0,1.0
34,68,2,1.0,1.0
34,0,68,0.0,0.0
34,0,2,0.0,0.0
34,2,16,0.0,1.0
34,16,68,0.0,1.0
34,many,68,1.0,0.0
34,4,2,1.0,0.0
34,0,many,0.0,0.0
34,4,many,0.0,0.0
34,2,0,1.0,0.0
34,0,4,0.0,0.0
34,16,many,0.0,0.0
34,0,16,0.0,0.0
34,68,4,1.0,1.0
34,many,2,1.0,1.0
34,4,16,0.0,0.0
34,68,2,1.0,1.0
34,68,16,1.0,0.0
34,68,0,1.0,1.0
34,16,2,1.0,0.0
34,many,16,1.0,1.0
34,many,0,1.0,1.0
34,4,16,0.0,1.0
34,many,2,1.0,1.0
34,16,2,1.0,1.0
34,16,0,1.0,1.0
34,2,4,0.0,1.0
34,2,0,1.0,0.0
34,2,68,0.0,1.0
34,68,16,1.0,1.0
34,4,0,1.0,1.0
34,many,4,1.0,1.0
34,0,68,0.0,0.0
34,68,4,1.0,1.0
34,many,68,1.0,0.0
35,16,2,1.0,1.0
35,4,many,0.0,0.0
35,68,4,1.0,1.0
35,many,16,1.0,0.0
35,0,many,0.0,0.0
35,many,2,1.0,1.0
35,68,2,1.0,1.0
35,68,0,1.0,1.0
35,16,4,1.0,1.0
35,16,68,0.0,0.0
35,68,many,0.0,0.0
35,16,0,1.0,1.0
35,2,4,0.0,0.0
35,2,0,1.0,1.0
35,4,0,1.0,1.0
35,many,4,1.0,1.0
35,0,16,0.0,0.0
35,2,4,0.0,1.0
35,2,16,0.0,1.0
35,2,0,1.0,1.0
35,0,many,0.0,0.0
35,68,many,0.0,1.0
35,0,4,0.0,0.0
35,68,0,1.0,1.0
35,68,2,1.0,1.0
35,many,16,1.0,0.0
35,many,2,1.0,0.0
35,16,4,1.0,1.0
35,4,68,0.0,1.0
35,16,68,0.0,0.0
35,2,4,0.0,0.0
35,many,4,1.0,1.0
35,many,2,1.0,0.0
35,16,many,0.0,0.0
35,4,0,1.0,1.0
35,68,16,1.0,1.0
35,16,2,1.0,1.0
35,0,16,0.0,0.0
35,68,2,1.0,0.0
35,0,68,0.0,0.0
35,0,2,0.0,0.0
35,0,many,0.0,0.0
35,4,68,0.0,1.0
35,many,68,1.0,1.0
35,4,16,0.0,0.0
35,2,0,1.0,1.0
35,0,16,0.0,0.0
35,68,0,1.0,1.0
35,many,2,1.0,1.0
35,68,4,1.0,1.0
35,2,16,0.0,0.0
35,4,many,0.0,1.0
35,many,16,1.0,0.0
35,many,0,1.0,1.0
35,4,2,1.0,0.0
35,many,68,1.0,0.0
35,4,0,1.0,0.0
35,2,68,0.0,0.0
35,16,68,0.0,0.0
35,16,4,1.0,1.0
35,0,many,0.0,0.0
35,16,many,0.0,1.0
35,0,4,0.0,0.0
35,many,2,1.0,1.0
35,68,2,1.0,1.0
35,68,0,1.0,1.0
35,4,68,0.0,1.0
35,16,68,0.0,0.0
35,68,many,0.0,1.0
35,0,16,0.0,0.0
35,2,4,0.0,0.0
35,2,16,0.0,1.0
35,2,0,1.0,1.0
35,4,16,0.0,0.0
35,many,4,1.0,0.0
35,4,68,0.0,1.0
35,16,0,1.0,1.0
35,many,2,1.0,0.0
35,2,68,0.0,0.0
35,16,many,0.0,1.0
35,0,68,0.0,0.0
35,2,4,0.0,1.0
35,2,0,1.0,0.0
35,many,0,1.0,1.0
35,4,0,1.0,1.0
35,4,many,0.0,0.0
35,16,68,0.0,0.0
35,2,16,0.0,1.0
35,many,68,1.0,0.0
35,16,4,1.0,1.0
35,0,many,0.0,0.0
35,many,2,1.0,0.0
35,0,4,0.0,1.0
35,2,0,1.0,1.0
35,68,16,1.0,0.0
35,many,68,1.0,0.0
35,16,4,1.0,0.0
35,2,4,0.0,0.0
35,4,many,0.0,0.0
35,68,4,1.0,1.0
35,2,68,0.0,0.0
35,2,16,0.0,0.0
35,16,0,1.0,1.0
35,16,many,0.0,0.0
35,0,68,0.0,0.0
35,4,many,0.0,0.0
35,many,16,1.0,1.0
35,4,68,0.0,0.0
35,4,16,0.0,0.0
35,68,0,1.0,0.0
35,68,16,1.0,1.0
35,0,2,0.0,0.0
35,2,16,0.0,0.0
35,many,0,1.0,1.0
35,4,0,1.0,1.0
35,0,16,0.0,1.0
35,many,2,1.0,0.0
35,4,2,1.0,1.0
35,68,2,1.0,0.0
35,many,68,1.0,1.0
35,4,0,1.0,1.0
35,0,2,0.0,1.0
35,2,68,0.0,1.0
35,many,68,1.0,1.0
35,many,0,1.0,0.0
35,68,16,1.0,1.0
35,many,4,1.0,0.0
35,16,2,1.0,1.0
35,2,many,0.0,0.0
35,4,2,1.0,0.0
35,16,0,1.0,1.0
35,many,16,1.0,0.0
35,68,4,1.0,1.0
35,0,68,0.0,1.0
35,4,16,0.0,0.0
35,2,many,0.0,0.0
35,68,many,0.0,0.0
35,many,0,1.0,1.0
35,4,many,0.0,0.0
35,16,many,0.0,0.0
35,0,16,0.0,0.0
35,68,2,1.0,1.0
35,4,68,0.0,0.0
35,0,68,0.0,0.0
35,4,16,0.0,1.0
35,0,4,0.0,0.0
35,16,2,1.0,1.0
35,68,16,1.0,0.0
35,2,4,0.0,0.0
35,0,2,0.0,0.0
37,0,4,0.0,0.0
37,0,2,0.0,0.0
37,2,68,0.0,0.0
37,16,2,1.0,1.0
37,many,2,1.0,1.0
37,16,0,1.0,1.0
37,68,4,1.0,1.0
37,0,68,0.0,0.0
37,4,many,0.0,0.0
37,2,4,0.0,1.0
37,4,16,0.0,0.0
37,16,68,0.0,1.0
37,many,0,1.0,1.0
37,many,68,1.0,1.0
37,16,many,0.0,0.0
37,many,2,1.0,1.0
37,many,68,1.0,1.0
37,4,0,1.0,1.0
37,0,2,0.0,0.0
37,16,68,0.0,0.0
37,many,16,1.0,0.0
37,4,2,1.0,0.0
37,68,0,1.0,1.0
37,16,2,1.0,1.0
37,4,68,0.0,1.0
37,0,many,0.0,0.0
37,16,4,1.0,0.0
37,2,68,0.0,0.0
37,0,16,0.0,0.0
37,4,many,0.0,0.0
37,0,2,0.0,0.0
37,0,many,0.0,0.0
37,16,many,0.0,0.0
37,2,68,0.0,0.0
37,2,16,0.0,0.0
37,many,4,1.0,1.0
37,16,0,1.0,1.0
37,many,2,1.0,1.0
37,68,0,1.0,1.0
37,many,68,1.0,1.0
37,4,2,1.0,1.0
37,4,0,1.0,1.0
37,4,16,0.0,0.0
37,16,68,0.0,0.0
37,4,68,0.0,0.0
37,16,4,1.0,0.0
37,2,68,0.0,0.0
37,68,0,1.0,1.0
37,68,16,1.0,0.0
37,0,many,0.0,0.0
37,16,2,1.0,1.0
37,16,0,1.0,1.0
37,4,2,1.0,0.0
37,16,many,0.0,0.0
37,2,many,0.0,0.0
37,0,2,0.0,0.0
37,0,4,0.0,0.0
37,68,many,0.0,0.0
37,4,many,0.0,0.0
37,4,68,0.0,0.0
37,16,many,0.0,0.0
37,4,68,0.0,0.0
37,0,many,0.0,0.0
37,68,16,1.0,0.0
37,0,2,0.0,0.0
37,68,many,0.0,0.0
37,68,0,1.0,1.0
37,2,68,0.0,0.0
37,16,2,1.0,1.0
37,2,4,0.0,0.0
37,many,2,1.0,1.0
37,16,0,1.0,1.0
37,4,many,0.0,0.0
37,16,4,1.0,0.0
37,0,4,0.0,0.0
37,many,68,1.0,1.0
37,16,2,1.0,1.0
37,16,4,1.0,0.0
37,4,68,0.0,0.0
37,many,2,1.0,0.0
37,4,many,0.0,0.0
37,0,2,0.0,0.0
37,many,16,1.0,1.0
37,4,0,1.0,1.0
37,68,0,1.0,1.0
37,68,16,1.0,1.0
37,many,0,1.0,1.0
37,0,16,0.0,0.0
37,2,4,0.0,0.0
37,68,2,1.0,1.0
37,0,2,0.0,0.0
37,4,16,0.0,0.0
37,many,0,1.0,1.0
37,2,68,0.0,0.0
37,68,many,0.0,1.0
37,4,many,0.0,0.0
37,0,68,0.0,0.0
37,many,2,1.0,1.0
37,16,68,0.0,1.0
37,0,16,0.0,0.0
37,68,4,1.0,1.0
37,16,many,0.0,0.0
37,0,4,0.0,0.0
37,16,2,1.0,0.0
37,4,2,1.0,0.0
37,4,many,0.0,0.0
37,2,16,0.0,0.0
37,2,68,0.0,0.0
37,0,many,0.0,0.0
37,2,many,0.0,0.0
37,0,2,0.0,0.0
37,4,68,0.0,0.0
37,0,16,0.0,0.0
37,4,16,0.0,1.0
37,16,68,0.0,0.0
37,4,0,1.0,1.0
37,68,many,0.0,1.0
37,4,2,1.0,1.0
37,16,many,0.0,0.0
37,68,0,1.0,1.0
37,2,16,0.0,0.0
37,many,2,1.0,1.0
37,4,many,0.0,0.0
37,4,0,1.0,1.0
37,many,0,1.0,1.0
37,68,0,1.0,1.0
37,0,16,0.0,0.0
37,2,4,0.0,1.0
37,68,many,0.0,0.0
37,68,16,1.0,1.0
37,many,16,1.0,1.0
37,2,68,0.0,0.0
37,16,4,1.0,1.0
37,68,4,1.0,0.0
37,0,2,0.0,0.0
37,68,0,1.0,1.0
37,4,0,1.0,1.0
37,many,16,1.0,1.0
37,16,4,1.0,0.0
37,many,2,1.0,1.0
37,4,2,1.0,1.0
37,68,4,1.0,1.0
37,4,many,0.0,0.0
37,2,16,0.0,0.0
37,0,2,0.0,0.0
37,2,68,0.0,0.0
37,0,many,0.0,0.0
37,68,16,1.0,0.0
37,68,many,0.0,0.0
37,16,0,1.0,1.0
38,many,0,1.0,1.0
38,4,0,1.0,1.0
38,68,many,0.0,1.0
38,2,16,0.0,0.0
38,16,0,1.0,1.0
38,2,many,0.0,0.0
38,68,2,1.0,1.0
38,4,16,0.0,0.0
38,16,68,0.0,0.0
38,2,0,1.0,0.0
38,2,4,0.0,1.0
38,many,16,1.0,1.0
38,68,0,1.0,0.0
38,many,4,1.0,1.0
38,4,68,0.0,0.0
38,2,0,1.0,1.0
38,many,4,1.0,0.0
38,0,many,0.0,0.0
38,4,2,1.0,1.0
38,16,68,0.0,1.0
38,many,2,1.0,1.0
38,4,68,0.0,1.0
38,16,2,1.0,0.0
38,0,68,0.0,1.0
38,16,4,1.0,1.0
38,68,many,0.0,0.0
38,0,16,0.0,0.0
38,2,68,0.0,0.0
38,many,16,1.0,1.0
38,0,4,0.0,1.0
38,many,4,1.0,1.0
38,16,0,1.0,1.0
38,4,68,0.0,0.0
38,16,4,1.0,0.0
38,2,4,0.0,0.0
38,68,many,0.0,0.0
38,2,16,0.0,1.0
38,68,0,1.0,1.0
38,2,0,1.0,1.0
38,2,many,0.0,0.0
38,68,2,1.0,1.0
38,many,16,1.0,0.0
38,0,many,0.0,0.0
38,4,0,1.0,1.0
38,68,16,1.0,1.0
38,2,many,0.0,0.0
38,0,2,0.0,0.0
38,0,4,0.0,0.0
38,0,16,0.0,0.0
38,2,4,0.0,0.0
38,2,16,0.0,0.0
38,68,16,1.0,1.0
38,many,0,1.0,1.0
38,4,many,0.0,0.0
38,68,2,1.0,1.0
38,68,many,0.0,0.0
38,68,0,1.0,1.0
38,many,16,1.0,1.0
38,4,16,0.0,0.0
38,4,68,0.0,0.0
38,many,2,1.0,0.0
38,68,16,1.0,0.0
38,0,2,0.0,0.0
38,16,many,0.0,0.0
38,many,68,1.0,0.0
38,many,0,1.0,1.0
38,2,4,0.0,1.0
38,2,68,0.0,0.0
38,0,68,0.0,0.0
38,16,4,1.0,0.0
38,4,many,0.0,0.0
38,16,0,1.0,1.0
38,0,4,0.0,0.0
38,68,4,1.0,0.0
38,2,16,0.0,0.0
38,0,4,0.0,0.0
38,4,2,1.0,1.0
38,0,16,0.0,0.0
38,68,0,1.0,1.0
38,many,0,1.0,1.0
38,68,2,1.0,0.0
38,68,many,0.0,0.0
38,68,4,1.0,0.0
38,2,16,0.0,0.0
38,16,many,0.0,0.0
38,many,4,1.0,1.0
38,2,many,0.0,0.0
38,2,0,1.0,1.0
38,16,68,0.0,1.0
38,4,16,0.0,0.0
38,16,68,0.0,0.0
38,2,16,0.0,0.0
38,16,0,1.0,1.0
38,0,many,0.0,0.0
38,0,4,0.0,0.0
38,2,4,0.0,1.0
38,many,16,1.0,0.0
38,many,2,1.0,0.0
38,68,many,0.0,0.0
38,2,0,1.0,0.0
38,68,4,1.0,1.0
38,2,68,0.0,0.0
38,4,many,0.0,1.0
38,4,16,0.0,1.0
38,68,0,1.0,1.0
38,0,16,0.0,0.0
38,68,0,1.0,1.0
38,4,68,0.0,0.0
38,2,0,1.0,0.0
38,4,16,0.0,0.0
38,0,4,0.0,0.0
38,16,many,0.0,0.0
38,many,4,1.0,0.0
38,2,68,0.0,0.0
38,many,0,1.0,0.0
38,many,2,1.0,1.0
38,4,2,1.0,1.0
38,2,16,0.0,0.0
38,68,16,1.0,0.0
38,68,many,0.0,0.0
38,68,16,1.0,1.0
38,many,16,1.0,1.0
38,many,2,1.0,0.0
38,2,0,1.0,1.0
38,2,68,0.0,0.0
38,many,68,1.0,1.0
38,4,0,1.0,1.0
38,many,4,1.0,0.0
38,0,16,0.0,0.0
38,0,68,0.0,0.0
38,0,many,0.0,0.0
38,68,4,1.0,0.0
38,2,16,0.0,0.0
38,16,4,1.0,0.0
38,4,2,1.0,0.0
38,4,many,0.0,0.0
38,many,2,1.0,0.0
38,4,0,1.0,1.0
38,68,many,0.0,0.0
38,many,16,1.0,0.0
38,0,68,0.0,0.0
38,0,many,0.0,0.0
38,16,2,1.0,1.0
38,68,2,1.0,1.0
38,68,4,1.0,0.0
38,0,2,0.0,0.0
38,16,4,1.0,1.0
38,68,16,1.0,0.0
38,16,0,1.0,1.0
38,2,4,0.0,0.0
39,2,0,1.0,1.0
39,68,4,1.0,1.0
39,2,16,0.0,0.0
39,many,0,1.0,1.0
39,many,2,1.0,1.0
39,0,4,0.0,0.0
39,16,0,1.0,1.0
39,4,2,1.0,1.0
39,68,many,0.0,1.0
39,16,68,0.0,0.0
39,4,many,0.0,0.0
39,68,0,1.0,1.0
39,16,many,0.0,0.0
39,68,2,1.0,1.0
39,16,4,1.0,1.0
39,16,4,1.0,0.0
39,0,2,0.0,0.0
39,many,16,1.0,1.0
39,68,0,1.0,1.0
39,many,2,1.0,1.0
39,68,2,1.0,1.0
39,68,many,0.0,1.0
39,many,4,1.0,1.0
39,4,68,0.0,0.0
39,16,2,1.0,0.0
39,16,0,1.0,1.0
39,4,0,1.0,1.0
39,16,68,0.0,0.0
39,4,2,1.0,1.0
39,many,0,1.0,1.0
39,68,0,1.0,1.0
39,68,many,0.0,0.0
39,16,2,1.0,1.0
39,4,2,1.0,1.0
39,2,0,1.0,1.0
39,many,16,1.0,1.0
39,many,4,1.0,1.0
39,0,4,0.0,0.0
39,many,2,1.0,1.0
39,0,many,0.0,0.0
39,16,4,1.0,1.0
39,16,0,1.0,1.0
39,68,4,1.0,1.0
39,2,68,0.0,1.0
39,16,68,0.0,0.0
39,many,16,1.0,1.0
39,many,68,1.0,1.0
39,0,4,0.0,0.0
39,16,0,1.0,1.0
39,68,4,1.0,1.0
39,16,2,1.0,1.0
39,68,2,1.0,0.0
39,0,many,0.0,0.0
39,0,2,0.0,0.0
39,16,68,0.0,0.0
39,16,4,1.0,1.0
39,0,68,0.0,0.0
39,2,4,0.0,0.0
39,many,2,1.0,1.0
39,4,many,0.0,0.0
39,many,4,1.0,1.0
39,4,0,1.0,1.0
39,0,68,0.0,0.0
39,4,68,0.0,0.0
39,2,4,0.0,1.0
39,2,many,0.0,0.0
39,2,0,1.0,1.0
39,16,0,1.0,1.0
39,68,16,1.0,0.0
39,many,0,1.0,1.0
39,68,many,0.0,1.0
39,68,2,1.0,0.0
39,16,many,0.0,1.0
39,4,16,0.0,1.0
39,2,16,0.0,0.0
39,16,68,0.0,1.0
39,2,16,0.0,1.0
39,4,0,1.0,0.0
39,16,0,1.0,1.0
39,many,2,1.0,0.0
39,4,many,0.0,0.0
39,many,0,1.0,1.0
39,16,4,1.0,0.0
39,68,4,1.0,1.0
39,2,4,0.0,0.0
39,68,many,0.0,0.0
39,0,2,0.0,0.0
39,68,2,1.0,0.0
39,16,many,0.0,0.0
39,68,0,1.0,1.0
39,0,68,0.0,0.0
39,many,2,1.0,1.0
39,2,68,0.0,0.0
39,0,2,0.0,0.0
39,4,2,1.0,1.0
39,16,68,0.0,1.0
39,0,16,0.0,0.0
39,4,68,0.0,0.0
39,many,68,1.0,1.0
39,4,many,0.0,0.0
39,4,0,1.0,1.0
39,16,2,1.0,1.0
39,16,4,1.0,1.0
39,0,many,0.0,0.0
39,16,many,0.0,0.0
39,0,2,0.0,1.0
39,2,many,0.0,0.0
39,2,68,0.0,0.0
39,16,0,1.0,1.0
39,many,4,1.0,1.0
39,68,16,1.0,0.0
39,4,68,0.0,0.0
39,0,many,0.0,0.0
39,0,4,0.0,0.0
39,16,many,0.0,0.0
39,2,4,0.0,0.0
39,16,4,1.0,1.0
39,0,68,0.0,0.0
39,16,2,1.0,0.0
39,many,68,1.0,1.0
39,0,16,0.0,0.0
39,2,many,0.0,0.0
39,many,68,1.0,1.0
39,many,0,1.0,1.0
39,many,16,1.0,1.0
39,2,0,1.0,1.0
39,16,4,1.0,0.0
39,2,16,0.0,0.0
39,4,2,1.0,1.0
39,4,68,0.0,0.0
39,0,4,0.0,0.0
39,68,16,1.0,0.0
39,0,68,0.0,0.0
39,68,2,1.0,1.0
39,4,many,0.0,0.0
39,0,4,0.0,0.0
39,0,68,0.0,0.0
39,2,0,1.0,1.0
39,16,0,1.0,1.0
39,many,16,1.0,0.0
39,2,many,0.0,0.0
39,2,68,0.0,0.0
39,2,4,0.0,1.0
39,68,16,1.0,1.0
39,4,68,0.0,0.0
39,many,68,1.0,0.0
39,4,many,0.0,1.0
39,2,16,0.0,0.0
39,many,0,1.0,1.0
39,16,4,1.0,1.0
40,0,2,0.0,0.0
40,16,68,0.0,0.0
40,4,2,1.0,0.0
40,4,0,1.0,0.0
40,4,many,0.0,0.0
40,68,0,1.0,1.0
40,many,2,1.0,1.0
40,2,68,0.0,1.0
40,many,0,1.0,1.0
40,4,68,0.0,0.0
40,16,4,1.0,0.0
40,16,2,1.0,1.0
40,16,0,1.0,1.0
40,many,16,1.0,1.0
40,68,many,0.0,0.0
40,many,2,1.0,1.0
40,16,68,0.0,1.0
40,many,16,1.0,0.0
40,0,many,0.0,0.0
40,68,2,1.0,1.0
40,0,4,0.0,0.0
40,16,2,1.0,1.0
40,0,16,0.0,0.0
40,16,4,1.0,1.0
40,0,2,0.0,0.0
40,4,many,0.0,0.0
40,68,many,0.0,0.0
40,4,2,1.0,1.0
40,0,68,0.0,0.0
40,68,4,1.0,1.0
40,0,2,0.0,0.0
40,68,0,1.0,1.0
40,many,4,1.0,1.0
40,16,68,0.0,0.0
40,many,16,1.0,0.0
40,many,2,1.0,1.0
40,16,4,1.0,0.0
40,16,2,1.0,0.0
40,68,4,1.0,1.0
40,2,68,0.0,0.0
40,2,4,0.0,0.0
40,0,16,0.0,0.0
40,4,0,1.0,1.0
40,many,68,1.0,1.0
40,many,0,1.0,1.0
40,68,2,1.0,0.0
40,4,many,0.0,0.0
40,16,4,1.0,1.0
40,2,0,1.0,1.0
40,16,many,0.0,0.0
40,2,many,0.0,0.0
40,4,68,0.0,0.0
40,0,4,0.0,0.0
40,16,68,0.0,1.0
40,68,many,0.0,0.0
40,0,68,0.0,0.0
40,16,2,1.0,1.0
40,0,many,0.0,0.0
40,2,4,0.0,0.0
40,16,0,1.0,1.0
40,4,16,0.0,1.0
40,16,many,0.0,0.0
40,0,4,0.0,0.0
40,many,4,1.0,0.0
40,many,2,1.0,1.0
40,0,many,0.0,0.0
40,many,68,1.0,1.0
40,0,16,0.0,0.0
40,68,0,1.0,1.0
40,16,68,0.0,1.0
40,68,2,1.0,1.0
40,4,68,0.0,0.0
40,2,0,1.0,1.0
40,2,4,0.0,0.0
40,2,16,0.0,0.0
40,4,0,1.0,1.0
40,2,0,1.0,1.0
40,0,68,0.0,0.0
40,16,0,1.0,1.0
40,4,16,0.0,0.0
40,2,many,0.0,0.0
40,16,2,1.0,0.0
40,0,many,0.0,0.0
40,68,many,0.0,1.0
40,2,68,0.0,1.0
40,many,4,1.0,1.0
40,68,16,1.0,0.0
40,2,4,0.0,0.0
40,16,many,0.0,0.0
40,4,68,0.0,1.0
40,many,2,1.0,0.0
40,16,many,0.0,0.0
40,4,2,1.0,0.0
40,68,many,0.0,0.0
40,4,0,1.0,1.0
40,4,68,0.0,0.0
40,2,0,1.0,1.0
40,16,2,1.0,1.0
40,0,68,0.0,0.0
40,16,4,1.0,0.0
40,68,2,1.0,0.0
40,4,many,0.0,0.0
40,16,68,0.0,1.0
40,0,many,0.0,0.0
40,16,0,1.0,1.0
40,4,2,1.0,1.0
40,4,many,0.0,0.0
40,4,0,1.0,1.0
40,16,2,1.0,0.0
40,16,4,1.0,1.0
40,16,68,0.0,0.0
40,0,2,0.0,0.0
40,68,0,1.0,1.0
40,many,2,1.0,1.0
40,16,many,0.0,0.0
40,many,68,1.0,0.0
40,68,4,1.0,0.0
40,0,16,0.0,0.0
40,68,2,1.0,0.0
40,many,0,1.0,1.0
40,68,2,1.0,1.0
40,68,0,1.0,1.0
40,0,many,0.0,0.0
40,2,16,0.0,0.0
40,2,0,1.0,1.0
40,16,4,1.0,0.0
40,16,0,1.0,1.0
40,68,16,1.0,1.0
40,many,2,1.0,0.0
40,4,68,0.0,1.0
40,2,4,0.0,1.0
40,4,many,0.0,0.0
40,0,4,0.0,0.0
40,many,16,1.0,1.0
40,many,68,1.0,1.0
40,many,0,1.0,1.0
40,2,many,0.0,0.0
40,2,0,1.0,1.0
40,16,many,0.0,0.0
40,4,many,0.0,0.0
40,4,68,0.0,0.0
40,2,4,0.0,0.0
40,0,16,0.0,0.0
40,68,2,1.0,1.0
40,16,68,0.0,0.0
40,0,4,0.0,0.0
40,0,68,0.0,0.0
40,68,many,0.0,0.0
40,4,16,0.0,0.0
40,2,16,0.0,0.0
42,2,68,0.0,0.0
42,16,many,0.0,0.0
42,0,many,0.0,0.0
42,68,0,1.0,1.0
42,0,4,0.0,0.0
42,68,4,1.0,1.0
42,0,16,0.0,0.0
42,many,2,1.0,1.0
42,2,16,0.0,0.0
42,2,0,1.0,1.0
42,4,many,0.0,0.0
42,2,4,0.0,1.0
42,68,many,0.0,1.0
42,4,16,0.0,0.0
42,16,68,0.0,1.0
42,4,0,1.0,1.0
42,4,many,0.0,0.0
42,68,2,1.0,1.0
42,2,16,0.0,0.0
42,68,0,1.0,0.0
42,many,0,1.0,1.0
42,many,68,1.0,0.0
42,2,4,0.0,1.0
42,many,2,1.0,1.0
42,0,2,0.0,0.0
42,68,16,1.0,1.0
42,16,0,1.0,1.0
42,16,many,0.0,0.0
42,4,68,0.0,0.0
42,16,4,1.0,1.0
42,2,68,0.0,0.0
42,4,68,0.0,1.0
42,0,16,0.0,0.0
42,4,0,1.0,1.0
42,2,4,0.0,0.0
42,16,68,0.0,0.0
42,16,many,0.0,0.0
42,68,many,0.0,0.0
42,0,2,0.0,0.0
42,68,0,1.0,1.0
42,0,many,0.0,0.0
42,4,many,0.0,0.0
42,2,many,0.0,0.0
42,2,16,0.0,0.0
42,4,16,0.0,0.0
42,0,68,0.0,0.0
42,2,16,0.0,0.0
42,68,2,1.0,1.0
42,2,many,0.0,0.0
42,many,4,1.0,1.0
42,many,68,1.0,1.0
42,4,16,0.0,0.0
42,2,4,0.0,1.0
42,0,many,0.0,0.0
42,many,16,1.0,1.0
42,4,0,1.0,1.0
42,68,4,1.0,0.0
42,0,16,0.0,0.0
42,2,0,1.0,1.0
42,68,16,1.0,1.0
42,0,16,0.0,0.0
42,many,2,1.0,1.0
42,68,2,1.0,1.0
42,many,4,1.0,1.0
42,68,16,1.0,0.0
42,68,4,1.0,1.0
42,4,16,0.0,1.0
42,16,2,1.0,1.0
42,4,2,1.0,1.0
42,16,many,0.0,0.0
42,4,0,1.0,1.0
42,68,0,1.0,1.0
42,2,0,1.0,1.0
42,0,many,0.0,0.0
42,many,68,1.0,1.0
42,0,many,0.0,0.0
42,0,68,0.0,0.0
42,many,4,1.0,1.0
42,0,16,0.0,0.0
42,0,2,0.0,0.0
42,68,16,1.0,0.0
42,0,4,0.0,0.0
42,many,2,1.0,1.0
42,16,2,1.0,0.0
42,68,4,1.0,1.0
42,many,16,1.0,0.0
42,68,many,0.0,1.0
42,4,2,1.0,0.0
42,68,2,1.0,1.0
42,16,4,1.0,1.0
42,4,68,0.0,0.0
42,0,2,0.0,0.0
42,68,0,1.0,1.0
42,2,16,0.0,0.0
42,16,0,1.0,1.0
42,many,2,1.0,1.0
42,4,0,1.0,1.0
42,0,many,0.0,0.0
42,many,16,1.0,1.0
42,4,2,1.0,1.0
42,68,2,1.0,1.0
42,4,16,0.0,0.0
42,68,many,0.0,1.0
42,16,68,0.0,0.0
42,many,4,1.0,1.0
42,2,4,0.0,0.0
42,68,16,1.0,1.0
42,2,many,0.0,0.0
42,many,68,1.0,1.0
42,many,4,1.0,1.0
42,many,16,1.0,1.0
42,68,4,1.0,1.0
42,0,16,0.0,0.0
42,0,many,0.0,0.0
42,2,0,1.0,1.0
42,2,16,0.0,0.0
42,68,2,1.0,1.0
42,16,4,1.0,1.0
42,68,0,1.0,1.0
42,4,0,1.0,1.0
42,16,2,1.0,1.0
42,68,many,0.0,1.0
42,4,many,0.0,0.0
42,16,68,0.0,0.0
42,68,0,1.0,1.0
42,16,4,1.0,0.0
42,many,0,1.0,1.0
42,4,68,0.0,0.0
42,0,2,0.0,0.0
42,16,0,1.0,1.0
42,4,2,1.0,0.0
42,16,many,0.0,0.0
42,2,many,0.0,0.0
42,0,4,0.0,0.0
42,2,68,0.0,0.0
42,0,68,0.0,0.0
42,68,many,0.0,0.0
42,4,many,0.0,0.0
42,2,16,0.0,0.0
42,4,0,1.0,1.0
42,4,68,0.0,0.0
42,0,many,0.0,0.0
42,68,16,1.0,1.0
42,2,0,1.0,1.0
42,2,many,0.0,0.0
42,68,2,1.0,0.0
42,many,16,1.0,1.0
42,2,4,0.0,1.0
42,16,4,1.0,1.0
42,16,0,1.0,1.0
43,2,4,0.0,1.0
43,0,many,0.0,1.0
43,16,4,1.0,1.0
43,0,2,0.0,1.0
43,68,many,0.0,1.0
43,2,many,0.0,1.0
43,4,0,1.0,1.0
43,0,68,0.0,1.0
43,2,16,0.0,1.0
43,2,68,0.0,1.0
43,many,16,1.0,1.0
43,4,68,0.0,1.0
43,many,4,1.0,0.0
43,68,16,1.0,1.0
43,16,0,1.0,0.0
43,0,many,0.0,1.0
43,2,many,0.0,1.0
43,2,0,1.0,1.0
43,4,2,1.0,0.0
43,16,0,1.0,1.0
43,68,2,1.0,0.0
43,4,many,0.0,1.0
43,68,16,1.0,1.0
43,0,4,0.0,1.0
43,68,0,1.0,1.0
43,many,68,1.0,1.0
43,16,2,1.0,1.0
43,4,68,0.0,1.0
43,16,many,0.0,1.0
43,4,16,0.0,1.0
43,16,0,1.0,1.0
43,2,16,0.0,0.0
43,2,many,0.0,1.0
43,0,4,0.0,0.0
43,4,2,1.0,1.0
43,68,16,1.0,0.0
43,4,68,0.0,0.0
43,16,4,1.0,1.0
43,0,2,0.0,1.0
43,0,68,0.0,1.0
43,4,many,0.0,0.0
43,16,many,0.0,1.0
43,2,68,0.0,0.0
43,many,68,1.0,1.0
43,many,0,1.0,1.0
43,68,2,1.0,1.0
43,2,many,0.0,1.0
43,68,16,1.0,1.0
43,68,many,0.0,1.0
43,16,0,1.0,1.0
43,0,many,0.0,1.0
43,16,2,1.0,1.0
43,many,16,1.0,1.0
43,4,2,1.0,1.0
43,2,0,1.0,1.0
43,4,16,0.0,1.0
43,68,4,1.0,1.0
43,many,4,1.0,1.0
43,0,68,0.0,1.0
43,0,4,0.0,1.0
43,16,68,0.0,1.0
43,68,2,1.0,1.0
43,16,0,1.0,1.0
43,16,many,0.0,1.0
43,many,0,1.0,1.0
43,many,2,1.0,0.0
43,2,16,0.0,1.0
43,2,0,1.0,1.0
43,4,2,1.0,0.0
43,4,68,0.0,0.0
43,many,4,1.0,0.0
43,4,16,0.0,1.0
43,0,4,0.0,0.0
43,0,68,0.0,0.0
43,many,68,1.0,1.0
44,4,68,0.0,1.0
44,many,0,1.0,1.0
44,16,68,0.0,1.0
44,2,68,0.0,0.0
44,4,16,0.0,0.0
44,0,4,0.0,0.0
44,many,4,1.0,1.0
44,2,0,1.0,1.0
44,many,2,1.0,1.0
44,0,68,0.0,0.0
44,many,68,1.0,1.0
44,16,many,0.0,0.0
44,2,16,0.0,0.0
44,4,2,1.0,1.0
44,0,16,0.0,0.0
44,16,4,1.0,1.0
44,0,many,0.0,0.0
44,16,0,1.0,1.0
44,0,68,0.0,0.0
44,0,2,0.0,0.0
44,68,many,0.0,0.0
44,16,2,1.0,1.0
44,4,0,1.0,1.0
44,many,2,1.0,1.0
44,68,2,1.0,1.0
44,16,68,0.0,1.0
44,2,4,0.0,1.0
44,68,4,1.0,1.0
44,4,many,0.0,0.0
44,many,16,1.0,1.0
44,16,0,1.0,1.0
44,many,2,1.0,1.0
44,2,4,0.0,1.0
44,2,16,0.0,0.0
44,68,0,1.0,1.0
44,68,many,0.0,0.0
44,0,4,0.0,0.0
44,16,4,1.0,1.0
44,2,0,1.0,1.0
44,68,4,1.0,1.0
44,16,many,0.0,0.0
44,many,4,1.0,1.0
44,2,68,0.0,0.0
44,many,0,1.0,1.0
44,68,16,1.0,0.0
44,2,0,1.0,1.0
44,many,68,1.0,0.0
44,16,4,1.0,0.0
44,2,4,0.0,0.0
44,0,68,0.0,0.0
44,16,68,0.0,0.0
44,16,2,1.0,1.0
44,many,0,1.0,1.0
44,4,0,1.0,1.0
44,4,many,0.0,0.0
44,68,4,1.0,1.0
44,0,16,0.0,0.0
44,68,2,1.0,0.0
44,many,16,1.0,1.0
44,2,many,0.0,0.0
44,0,4,0.0,0.0
44,16,68,0.0,0.0
44,many,16,1.0,1.0
44,many,68,1.0,1.0
44,0,2,0.0,0.0
44,16,0,1.0,1.0
44,4,many,0.0,0.0
44,2,68,0.0,0.0
44,4,2,1.0,1.0
44,4,16,0.0,1.0
44,68,4,1.0,1.0
44,0,many,0.0,0.0
44,many,2,1.0,1.0
44,2,16,0.0,0.0
44,68,0,1.0,1.0
44,68,0,1.0,1.0
44,2,0,1.0,1.0
44,0,16,0.0,0.0
44,many,4,1.0,1.0
44,68,16,1.0,0.0
44,many,0,1.0,1.0
44,16,2,1.0,1.0
44,4,2,1.0,0.0
44,many,2,1.0,1.0
44,0,4,0.0,0.0
44,68,many,0.0,0.0
44,68,2,1.0,1.0
44,many,16,1.0,1.0
44,4,68,0.0,1.0
44,16,4,1.0,0.0
44,2,many,0.0,0.0
44,0,4,0.0,0.0
44,4,16,0.0,0.0
44,0,2,0.0,0.0
44,2,4,0.0,0.0
44,16,2,1.0,1.0
44,many,16,1.0,1.0
44,68,0,1.0,1.0
44,many,0,1.0,1.0
44,2,68,0.0,0.0
44,68,many,0.0,0.0
44,4,many,0.0,0.0
44,16,68,0.0,0.0
44,16,0,1.0,1.0
44,4,68,0.0,0.0
44,2,many,0.0,0.0
44,many,4,1.0,1.0
44,many,0,1.0,1.0
44,16,2,1.0,1.0
44,16,many,0.0,1.0
44,68,16,1.0,1.0
44,4,2,1.0,1.0
44,many,68,1.0,0.0
44,68,2,1.0,1.0
44,0,2,0.0,0.0
44,4,16,0.0,0.0
44,0,4,0.0,0.0
44,68,4,1.0,1.0
44,16,0,1.0,1.0
44,0,68,0.0,0.0
44,0,68,0.0,0.0
44,2,4,0.0,1.0
44,68,2,1.0,1.0
44,many,4,1.0,1.0
44,16,0,1.0,1.0
44,0,4,0.0,0.0
44,many,16,1.0,1.0
44,0,2,0.0,0.0
44,0,many,0.0,0.0
44,68,4,1.0,1.0
44,2,16,0.0,0.0
44,4,16,0.0,0.0
44,many,2,1.0,1.0
44,68,16,1.0,0.0
44,68,many,0.0,1.0
44,2,68,0.0,0.0
44,2,many,0.0,0.0
44,4,2,1.0,1.0
44,0,2,0.0,0.0
44,68,many,0.0,0.0
44,68,16,1.0,1.0
44,0,many,0.0,0.0
44,4,many,0.0,0.0
44,68,0,1.0,1.0
44,0,4,0.0,0.0
44,many,16,1.0,1.0
44,68,4,1.0,1.0
44,4,16,0.0,1.0
44,0,16,0.0,0.0
44,2,16,0.0,0.0
45,0,4,0.0,1.0
45,4,2,1.0,0.0
45,0,16,0.0,1.0
45,68,0,1.0,1.0
45,many,0,1.0,1.0
45,68,2,1.0,0.0
45,68,many,0.0,0.0
45,68,4,1.0,0.0
45,2,16,0.0,0.0
45,16,many,0.0,0.0
45,many,4,1.0,1.0
45,2,many,0.0,0.0
45,2,0,1.0,0.0
45,16,68,0.0,0.0
45,4,16,0.0,0.0
45,16,68,0.0,0.0
45,2,16,0.0,1.0
45,16,0,1.0,1.0
45,0,many,0.0,1.0
45,0,4,0.0,1.0
45,2,4,0.0,1.0
45,many,16,1.0,1.0
45,many,2,1.0,0.0
45,68,many,0.0,0.0
45,2,0,1.0,0.0
45,68,4,1.0,0.0
45,2,68,0.0,0.0
45,4,many,0.0,0.0
45,4,16,0.0,0.0
45,68,0,1.0,0.0
45,0,16,0.0,0.0
45,68,0,1.0,1.0
45,4,68,0.0,1.0
45,2,0,1.0,0.0
45,4,16,0.0,0.0
45,0,4,0.0,0.0
45,16,many,0.0,0.0
45,many,4,1.0,0.0
45,2,68,0.0,1.0
45,many,0,1.0,0.0
45,many,2,1.0,0.0
45,4,2,1.0,1.0
45,2,16,0.0,1.0
45,68,16,1.0,1.0
45,68,many,0.0,0.0
45,68,16,1.0,1.0
45,many,16,1.0,1.0
45,many,2,1.0,0.0
45,2,0,1.0,0.0
45,2,68,0.0,0.0
45,many,68,1.0,0.0
45,4,0,1.0,1.0
45,many,4,1.0,1.0
45,0,16,0.0,1.0
45,0,68,0.0,1.0
45,0,many,0.0,1.0
45,68,4,1.0,1.0
45,2,16,0.0,1.0
45,16,4,1.0,1.0
45,4,2,1.0,1.0
45,4,many,0.0,1.0
45,many,2,1.0,0.0
45,4,0,1.0,1.0
45,68,many,0.0,0.0
45,many,16,1.0,1.0
45,0,68,0.0,1.0
45,0,many,0.0,1.0
45,16,2,1.0,1.0
45,68,2,1.0,1.0
45,68,4,1.0,0.0
45,0,2,0.0,1.0
45,16,4,1.0,0.0
45,68,16,1.0,0.0
45,16,0,1.0,0.0
45,2,4,0.0,1.0
45,many,0,1.0,0.0
45,4,0,1.0,0.0
45,68,many,0.0,0.0
45,2,16,0.0,0.0
45,16,0,1.0,1.0
45,2,many,0.0,0.0
45,68,2,1.0,0.0
45,4,16,0.0,1.0
45,16,68,0.0,1.0
45,2,0,1.0,1.0
45,2,4,0.0,0.0
45,many,16,1.0,1.0
45,68,0,1.0,0.0
45,many,4,1.0,0.0
45,4,68,0.0,1.0
45,2,0,1.0,0.0
45,many,4,1.0,0.0
45,0,many,0.0,0.0
45,4,2,1.0,0.0
45,16,68,0.0,0.0
45,many,2,1.0,0.0
45,4,68,0.0,0.0
45,16,2,1.0,1.0
45,0,68,0.0,0.0
45,16,4,1.0,1.0
45,68,many,0.0,1.0
45,0,16,0.0,1.0
45,2,68,0.0,1.0
45,many,16,1.0,1.0
45,0,4,0.0,0.0
45,many,4,1.0,0.0
45,16,0,1.0,0.0
45,4,68,0.0,0.0
45,16,4,1.0,1.0
45,2,4,0.0,1.0
45,68,many,0.0,0.0
45,2,16,0.0,0.0
45,68,0,1.0,0.0
45,2,0,1.0,0.0
45,2,many,0.0,0.0
45,68,2,1.0,0.0
45,many,16,1.0,0.0
45,0,many,0.0,0.0
45,4,0,1.0,1.0
45,68,16,1.0,1.0
45,2,many,0.0,1.0
45,0,2,0.0,1.0
45,0,4,0.0,1.0
45,0,16,0.0,1.0
45,2,4,0.0,1.0
45,2,16,0.0,1.0
45,68,16,1.0,1.0
45,many,0,1.0,1.0
45,4,many,0.0,1.0
45,68,2,1.0,1.0
45,68,many,0.0,1.0
45,68,0,1.0,1.0
45,many,16,1.0,1.0
45,4,16,0.0,1.0
45,4,68,0.0,1.0
45,many,2,1.0,1.0
45,68,16,1.0,0.0
45,0,2,0.0,0.0
45,16,many,0.0,0.0
45,many,68,1.0,0.0
45,many,0,1.0,0.0
45,2,4,0.0,0.0
45,2,68,0.0,0.0
45,0,68,0.0,0.0
45,16,4,1.0,0.0
45,4,many,0.0,0.0
45,16,0,1.0,0.0
45,0,4,0.0,0.0
45,68,4,1.0,1.0
45,2,16,0.0,1.0
46,many,68,1.0,1.0
46,0,2,0.0,0.0
46,0,4,0.0,0.0
46,16,0,1.0,1.0
46,4,68,0.0,1.0
46,0,many,0.0,0.0
46,4,2,1.0,0.0
46,many,16,1.0,0.0
46,68,0,1.0,1.0
46,4,many,0.0,0.0
46,2,many,0.0,0.0
46,16,2,1.0,0.0
46,2,68,0.0,0.0
46,4,16,0.0,0.0
46,16,68,0.0,1.0
46,4,0,1.0,1.0
46,0,many,0.0,0.0
46,many,16,1.0,1.0
46,68,4,1.0,1.0
46,0,2,0.0,1.0
46,4,16,0.0,1.0
46,2,many,0.0,0.0
46,0,68,0.0,0.0
46,68,16,1.0,1.0
46,4,many,0.0,0.0
46,0,16,0.0,0.0
46,2,68,0.0,0.0
46,2,16,0.0,0.0
46,68,many,0.0,0.0
46,4,2,1.0,0.0
46,0,68,0.0,0.0
46,4,2,1.0,1.0
46,4,68,0.0,0.0
46,2,68,0.0,0.0
46,many,2,1.0,0.0
46,16,many,0.0,1.0
46,0,many,0.0,1.0
46,many,4,1.0,1.0
46,68,many,0.0,1.0
46,16,4,1.0,1.0
46,2,16,0.0,0.0
46,4,0,1.0,1.0
46,16,68,0.0,0.0
46,2,0,1.0,1.0
46,16,0,1.0,1.0
46,many,4,1.0,1.0
46,0,many,0.0,1.0
46,many,2,1.0,1.0
46,68,many,0.0,1.0
46,0,68,0.0,1.0
46,16,2,1.0,1.0
46,16,many,0.0,0.0
46,4,0,1.0,1.0
46,16,0,1.0,1.0
46,2,4,0.0,0.0
46,68,2,1.0,0.0
46,4,16,0.0,0.0
46,68,16,1.0,1.0
46,4,68,0.0,1.0
46,2,0,1.0,1.0
46,0,many,0.0,0.0
46,4,many,0.0,1.0
46,4,0,1.0,1.0
46,2,many,0.0,1.0
46,16,2,1.0,0.0
46,4,16,0.0,1.0
46,4,2,1.0,0.0
46,68,many,0.0,1.0
46,2,68,0.0,0.0
46,16,68,0.0,1.0
46,2,0,1.0,0.0
46,68,0,1.0,1.0
46,16,many,0.0,1.0
46,16,0,1.0,1.0
46,4,68,0.0,0.0
46,0,68,0.0,0.0
46,16,4,1.0,1.0
46,many,16,1.0,1.0
46,many,2,1.0,1.0
46,0,many,0.0,0.0
46,many,4,1.0,0.0
46,16,2,1.0,1.0
46,68,4,1.0,1.0
46,0,4,0.0,1.0
46,68,16,1.0,1.0
46,0,16,0.0,1.0
46,2,68,0.0,1.0
46,2,0,1.0,1.0
46,68,many,0.0,1.0
46,2,4,0.0,0.0
46,68,16,1.0,1.0
46,2,many,0.0,1.0
46,68,many,0.0,1.0
46,2,0,1.0,1.0
46,16,2,1.0,0.0
46,4,68,0.0,1.0
46,many,16,1.0,1.0
46,16,4,1.0,1.0
46,68,2,1.0,0.0
46,many,4,1.0,1.0
46,0,68,0.0,1.0
46,2,4,0.0,1.0
46,0,16,0.0,1.0
46,0,4,0.0,0.0
46,0,many,0.0,0.0
46,0,2,0.0,0.0
46,16,many,0.0,1.0
46,0,many,0.0,0.0
46,2,many,0.0,1.0
46,16,2,1.0,0.0
46,68,2,1.0,0.0
46,4,many,0.0,1.0
46,68,0,1.0,1.0
46,68,many,0.0,0.0
46,16,4,1.0,1.0
46,2,4,0.0,0.0
46,68,4,1.0,1.0
46,4,0,1.0,1.0
46,68,16,1.0,1.0
46,0,16,0.0,1.0
46,0,16,0.0,1.0
46,2,0,1.0,1.0
46,68,16,1.0,0.0
46,4,many,0.0,0.0
46,68,4,1.0,0.0
46,16,2,1.0,1.0
46,many,2,1.0,0.0
46,4,0,1.0,1.0
46,4,2,1.0,0.0
46,0,68,0.0,1.0
46,16,4,1.0,0.0
46,68,2,1.0,1.0
46,0,many,0.0,0.0
46,68,many,0.0,1.0
46,many,16,1.0,1.0
46,0,4,0.0,1.0
46,16,4,1.0,1.0
46,68,2,1.0,0.0
46,many,2,1.0,1.0
46,many,68,1.0,0.0
46,0,many,0.0,0.0
46,16,0,1.0,1.0
46,16,many,0.0,1.0
46,4,2,1.0,1.0
46,16,68,0.0,1.0
46,4,68,0.0,1.0
46,2,0,1.0,1.0
46,2,16,0.0,0.0
46,0,68,0.0,1.0
46,many,4,1.0,1.0
